Residue pair,Link-Type,Alpha peptide,Beta peptide,Alpha peptide position,Beta peptide position,Alpha protein(s) position(s),Beta protein(s) position(s),Alpha protein mapping(s),Beta protein mapping(s),Alpha gene mapping(s),Beta gene mapping(s),IsDecoy,CSM count,Score
MLASAGELQ [K] GNELALPSK <=> MLASAGELQ [K] GNELALPSK,Homomeric-inter,MLASAGELQ [K] GNELALPSK,MLASAGELQ [K] GNELALPSK,10,10,1237;1226,1237;1226,sp|Cas10|Cas10; sp|Cas9|Cas9,sp|Cas10|Cas10; sp|Cas9|Cas9,Cas10; Cas9,Cas10; Cas9,FALSE,26,0.9999982090736215
TEVQTGGFS [K] ESILPK <=> TEVQTGGFS [K] ESILPK,Homomeric-inter,TEVQTGGFS [K] ESILPK,TEVQTGGFS [K] ESILPK,10,10,1122;1111,1122;1111,sp|Cas10|Cas10; sp|Cas9|Cas9,sp|Cas10|Cas10; sp|Cas9|Cas9,Cas10; Cas9,Cas10; Cas9,FALSE,13,0.9999976031723495
GGLSELD [K] AGFIK <=> GGLSELD [K] AGFIK,Homomeric-inter,GGLSELD [K] AGFIK,GGLSELD [K] AGFIK,8,8,928;917,928;917,sp|Cas10|Cas10; sp|Cas9|Cas9,sp|Cas10|Cas10; sp|Cas9|Cas9,Cas10; Cas9,Cas10; Cas9,FALSE,8,0.9999966210302768
MDGTEELLV [K] LNR <=> MDGTEELLV [K] LNR,Homomeric-inter,MDGTEELLV [K] LNR,MDGTEELLV [K] LNR,10,10,407;396,407;396,sp|Cas10|Cas10; sp|Cas9|Cas9,sp|Cas10|Cas10; sp|Cas9|Cas9,Cas10; Cas9,Cas10; Cas9,FALSE,10,0.9999958330866814
MTNFD [K] NLPNEK <=> MTNFD [K] NLPNEK,Homomeric-inter,MTNFD [K] NLPNEK,MTNFD [K] NLPNEK,6,6,515;504,515;504,sp|Cas10|Cas10; sp|Cas9|Cas9,sp|Cas10|Cas10; sp|Cas9|Cas9,Cas10; Cas9,Cas10; Cas9,FALSE,27,0.99999474738024
MLASAGELQ [K] GNELALPSK <=> LESEFVYGDY [K] VYDVR,Intralink,MLASAGELQ [K] GNELALPSK,LESEFVYGDY [K] VYDVR,10,11,1237;1226,1029;1018,sp|Cas10|Cas10; sp|Cas9|Cas9,sp|Cas10|Cas10; sp|Cas9|Cas9,Cas10; Cas9,Cas10; Cas9,FALSE,7,0.9999943850596341
LVDSTD [K] ADLR <=> LVDSTD [K] ADLR,Homomeric-inter,LVDSTD [K] ADLR,LVDSTD [K] ADLR,7,7,163;152,163;152,sp|Cas10|Cas10; sp|Cas9|Cas9,sp|Cas10|Cas10; sp|Cas9|Cas9,Cas10; Cas9,Cas10; Cas9,FALSE,21,0.9999941720249281
SSFE [K] NPIDFLEAK <=> SSFE [K] NPIDFLEAK,Homomeric-inter,SSFE [K] NPIDFLEAK,SSFE [K] NPIDFLEAK,5,5,1191;1180,1191;1180,sp|Cas10|Cas10; sp|Cas9|Cas9,sp|Cas10|Cas10; sp|Cas9|Cas9,Cas10; Cas9,Cas10; Cas9,FALSE,27,0.9999938103918359
MIA [K] SEQEIGK <=> MIA [K] SEQEIGK,Homomeric-inter,MIA [K] SEQEIGK,MIA [K] SEQEIGK,4,4,1039;1028,1039;1028,sp|Cas10|Cas10; sp|Cas9|Cas9,sp|Cas10|Cas10; sp|Cas9|Cas9,Cas10; Cas9,Cas10; Cas9,FALSE,8,0.9999937680994911
G [K] SDNVPSEEVVK <=> G [K] SDNVPSEEVVK,Homomeric-inter,G [K] SDNVPSEEVVK,G [K] SDNVPSEEVVK,2,2,881;870,881;870,sp|Cas10|Cas10; sp|Cas9|Cas9,sp|Cas10|Cas10; sp|Cas9|Cas9,Cas10; Cas9,Cas10; Cas9,FALSE,11,0.9999932485400033
 [K] IECFDSVEISGVEDR <=> TILDFL [K] SDGFANR,Intralink, [K] IECFDSVEISGVEDR,TILDFL [K] SDGFANR,1,7,586;575,699;688,sp|Cas10|Cas10; sp|Cas9|Cas9,sp|Cas10|Cas10; sp|Cas9|Cas9,Cas10; Cas9,Cas10; Cas9,FALSE,2,0.999993097539865
SDNVPSEEVV [K] K <=> SDNVPSEEVV [K] K,Homomeric-inter,SDNVPSEEVV [K] K,SDNVPSEEVV [K] K,11,11,892;881,892;881,sp|Cas10|Cas10; sp|Cas9|Cas9,sp|Cas10|Cas10; sp|Cas9|Cas9,Cas10; Cas9,Cas10; Cas9,FALSE,14,0.9999924446791387
VVDELV [K] VMGR <=> VVDELV [K] VMGR,Homomeric-inter,VVDELV [K] VMGR,VVDELV [K] VMGR,7,7,764;753,764;753,sp|Cas10|Cas10; sp|Cas9|Cas9,sp|Cas10|Cas10; sp|Cas9|Cas9,Cas10; Cas9,Cas10; Cas9,FALSE,6,0.9999916093993837
YDEND [K] LIR <=> YDEND [K] LIR,Homomeric-inter,YDEND [K] LIR,YDEND [K] LIR,6,6,963;952,963;952,sp|Cas10|Cas10; sp|Cas9|Cas9,sp|Cas10|Cas10; sp|Cas9|Cas9,Cas10; Cas9,Cas10; Cas9,FALSE,2,0.9999913657108103
SEQEIG [K] ATAK <=> SEQEIG [K] ATAK,Homomeric-inter,SEQEIG [K] ATAK,SEQEIG [K] ATAK,7,7,1046;1035,1046;1035,sp|Cas10|Cas10; sp|Cas9|Cas9,sp|Cas10|Cas10; sp|Cas9|Cas9,Cas10; Cas9,Cas10; Cas9,FALSE,9,0.9999900452253718
 [K] IECFDSVEISGVEDR <=>  [K] IECFDSVEISGVEDR,Homomeric-inter, [K] IECFDSVEISGVEDR, [K] IECFDSVEISGVEDR,1,1,586;575,586;575,sp|Cas10|Cas10; sp|Cas9|Cas9,sp|Cas10|Cas10; sp|Cas9|Cas9,Cas10; Cas9,Cas10; Cas9,FALSE,4,0.9999896864085137
TEVQTGGFS [K] ESILPK <=> NPIDFLEA [K] GYK,Intralink,TEVQTGGFS [K] ESILPK,NPIDFLEA [K] GYK,10,9,1122;1111,1200;1189,sp|Cas10|Cas10; sp|Cas9|Cas9,sp|Cas10|Cas10; sp|Cas9|Cas9,Cas10; Cas9,Cas10; Cas9,FALSE,13,0.9999887296149019
L [K] TYAHLFDDK <=> SEQEIG [K] ATAK,Intralink,L [K] TYAHLFDDK,SEQEIG [K] ATAK,2,7,652;641,1046;1035,sp|Cas10|Cas10; sp|Cas9|Cas9,sp|Cas10|Cas10; sp|Cas9|Cas9,Cas10; Cas9,Cas10; Cas9,FALSE,3,0.9999886178728611
L [K] GSPEDNEQK <=> L [K] GSPEDNEQK,Homomeric-inter,L [K] GSPEDNEQK,L [K] GSPEDNEQK,2,2,1261;1250,1261;1250,sp|Cas10|Cas10; sp|Cas9|Cas9,sp|Cas10|Cas10; sp|Cas9|Cas9,Cas10; Cas9,Cas10; Cas9,FALSE,21,0.9999885202413834
VVDELV [K] VMGR <=>  [K] PAFLSGEQK,Intralink,VVDELV [K] VMGR, [K] PAFLSGEQK,7,1,764;753,551;540,sp|Cas10|Cas10; sp|Cas9|Cas9,sp|Cas10|Cas10; sp|Cas9|Cas9,Cas10; Cas9,Cas10; Cas9,FALSE,11,0.9999884553752253
AGFI [K] R <=> AGFI [K] R,Homomeric-inter,AGFI [K] R,AGFI [K] R,5,5,933;922,933;922,sp|Cas10|Cas10; sp|Cas9|Cas9,sp|Cas10|Cas10; sp|Cas9|Cas9,Cas10; Cas9,Cas10; Cas9,FALSE,1,0.9999884342417751
VNTEIT [K] APLSASMIK <=> VNTEIT [K] APLSASMIK,Homomeric-inter,VNTEIT [K] APLSASMIK,VNTEIT [K] APLSASMIK,7,7,329;318,329;318,sp|Cas10|Cas10; sp|Cas9|Cas9,sp|Cas10|Cas10; sp|Cas9|Cas9,Cas10; Cas9,Cas10; Cas9,FALSE,2,0.9999878059086722
GGLSELD [K] AGFIK <=> MDGTEELLV [K] LNR,Intralink,GGLSELD [K] AGFIK,MDGTEELLV [K] LNR,8,10,928;917,407;396,sp|Cas10|Cas10; sp|Cas9|Cas9,sp|Cas10|Cas10; sp|Cas9|Cas9,Cas10; Cas9,Cas10; Cas9,FALSE,12,0.9999876563123903
 [K] PAFLSGEQK <=>  [K] PAFLSGEQK,Homomeric-inter, [K] PAFLSGEQK, [K] PAFLSGEQK,1,1,551;540,551;540,sp|Cas10|Cas10; sp|Cas9|Cas9,sp|Cas10|Cas10; sp|Cas9|Cas9,Cas10; Cas9,Cas10; Cas9,FALSE,4,0.9999875004802214
NSD [K] LIAR <=> NSD [K] LIAR,Homomeric-inter,NSD [K] LIAR,NSD [K] LIAR,4,4,1133;1122,1133;1122,sp|Cas10|Cas10; sp|Cas9|Cas9,sp|Cas10|Cas10; sp|Cas9|Cas9,Cas10; Cas9,Cas10; Cas9,FALSE,23,0.9999871221444456
G [K] SDNVPSEEVVK <=> LEESFLVEED [K] K,Intralink,G [K] SDNVPSEEVVK,LEESFLVEED [K] K,2,11,881;870,126;115,sp|Cas10|Cas10; sp|Cas9|Cas9,sp|Cas10|Cas10; sp|Cas9|Cas9,Cas10; Cas9,Cas10; Cas9,FALSE,6,0.9999867710149876
APLSASMI [K] R <=> APLSASMI [K] R,Homomeric-inter,APLSASMI [K] R,APLSASMI [K] R,9,9,338;327,338;327,sp|Cas10|Cas10; sp|Cas9|Cas9,sp|Cas10|Cas10; sp|Cas9|Cas9,Cas10; Cas9,Cas10; Cas9,FALSE,20,0.9999865241366649
SNFDLAEDA [K] LQLSK <=> SSFE [K] NPIDFLEAK,Intralink,SNFDLAEDA [K] LQLSK,SSFE [K] NPIDFLEAK,10,5,278;267,1191;1180,sp|Cas10|Cas10; sp|Cas9|Cas9,sp|Cas10|Cas10; sp|Cas9|Cas9,Cas10; Cas9,Cas10; Cas9,FALSE,10,0.9999864854015146
FDNLT [K] AER <=> FDNLT [K] AER,Homomeric-inter,FDNLT [K] AER,FDNLT [K] AER,6,6,917;906,917;906,sp|Cas10|Cas10; sp|Cas9|Cas9,sp|Cas10|Cas10; sp|Cas9|Cas9,Cas10; Cas9,Cas10; Cas9,FALSE,17,0.9999863789685303
TILDFL [K] SDGFANR <=> MIA [K] SEQEIGK,Intralink,TILDFL [K] SDGFANR,MIA [K] SEQEIGK,7,4,699;688,1039;1028,sp|Cas10|Cas10; sp|Cas9|Cas9,sp|Cas10|Cas10; sp|Cas9|Cas9,Cas10; Cas9,Cas10; Cas9,FALSE,7,0.9999863501897015
GY [K] EVK <=> GY [K] EVK,Homomeric-inter,GY [K] EVK,GY [K] EVK,3,3,1203;1192,1203;1192,sp|Cas10|Cas10; sp|Cas9|Cas9,sp|Cas10|Cas10; sp|Cas9|Cas9,Cas10; Cas9,Cas10; Cas9,FALSE,2,0.9999863270087767
MLASAGELQ [K] GNELALPSK <=> VVDELV [K] VMGR,Intralink,MLASAGELQ [K] GNELALPSK,VVDELV [K] VMGR,10,7,1237;1226,764;753,sp|Cas10|Cas10; sp|Cas9|Cas9,sp|Cas10|Cas10; sp|Cas9|Cas9,Cas10; Cas9,Cas10; Cas9,FALSE,32,0.9999855647034396
G [K] SDNVPSEEVVK <=> QEDFYPFL [K] DNR,Intralink,G [K] SDNVPSEEVVK,QEDFYPFL [K] DNR,2,9,881;870,449;438,sp|Cas10|Cas10; sp|Cas9|Cas9,sp|Cas10|Cas10; sp|Cas9|Cas9,Cas10; Cas9,Cas10; Cas9,FALSE,5,0.9999854879365866
DFQFY [K] VR <=> DFQFY [K] VR,Homomeric-inter,DFQFY [K] VR,DFQFY [K] VR,6,6,989;978,989;978,sp|Cas10|Cas10; sp|Cas9|Cas9,sp|Cas10|Cas10; sp|Cas9|Cas9,Cas10; Cas9,Cas10; Cas9,FALSE,3,0.9999848627563501
TEVQTGGFS [K] ESILPK <=> LP [K] YSLFELENGR,Intralink,TEVQTGGFS [K] ESILPK,LP [K] YSLFELENGR,10,3,1122;1111,1215;1204,sp|Cas10|Cas10; sp|Cas9|Cas9,sp|Cas10|Cas10; sp|Cas9|Cas9,Cas10; Cas9,Cas10; Cas9,FALSE,5,0.9999840709112169
 [K] NLIGALLFDSGETAEATR <=> SDNVPSEEVV [K] K,Intralink, [K] NLIGALLFDSGETAEATR,SDNVPSEEVV [K] K,1,11,60;49,892;881,sp|Cas10|Cas10; sp|Cas9|Cas9,sp|Cas10|Cas10; sp|Cas9|Cas9,Cas10; Cas9,Cas10; Cas9,FALSE,17,0.9999838337531187
LESEFVYGDY [K] VYDVR <=>  [K] PAFLSGEQK,Intralink,LESEFVYGDY [K] VYDVR, [K] PAFLSGEQK,11,1,1029;1018,551;540,sp|Cas10|Cas10; sp|Cas9|Cas9,sp|Cas10|Cas10; sp|Cas9|Cas9,Cas10; Cas9,Cas10; Cas9,FALSE,2,0.999983561983015
NLPNE [K] VLPK <=> NLPNE [K] VLPK,Homomeric-inter,NLPNE [K] VLPK,NLPNE [K] VLPK,6,6,521;510,521;510,sp|Cas10|Cas10; sp|Cas9|Cas9,sp|Cas10|Cas10; sp|Cas9|Cas9,Cas10; Cas9,Cas10; Cas9,FALSE,14,0.9999835540154115
LESEFVYGDY [K] VYDVR <=> VVDELV [K] VMGR,Intralink,LESEFVYGDY [K] VYDVR,VVDELV [K] VMGR,11,7,1029;1018,764;753,sp|Cas10|Cas10; sp|Cas9|Cas9,sp|Cas10|Cas10; sp|Cas9|Cas9,Cas10; Cas9,Cas10; Cas9,FALSE,7,0.9999823725054645
 [K] SEETITPWNFEEVVDK <=> MTNFD [K] NLPNEK,Intralink, [K] SEETITPWNFEEVVDK,MTNFD [K] NLPNEK,1,6,483;472,515;504,sp|Cas10|Cas10; sp|Cas9|Cas9,sp|Cas10|Cas10; sp|Cas9|Cas9,Cas10; Cas9,Cas10; Cas9,FALSE,12,0.999982322688157
TILDFL [K] SDGFANR <=> FDNLT [K] AER,Intralink,TILDFL [K] SDGFANR,FDNLT [K] AER,7,6,699;688,917;906,sp|Cas10|Cas10; sp|Cas9|Cas9,sp|Cas10|Cas10; sp|Cas9|Cas9,Cas10; Cas9,Cas10; Cas9,FALSE,2,0.999982269268714
 [K] FDNLTK <=>  [K] FDNLTK,Homomeric-inter, [K] FDNLTK, [K] FDNLTK,1,1,911;900,911;900,sp|Cas10|Cas10; sp|Cas9|Cas9,sp|Cas10|Cas10; sp|Cas9|Cas9,Cas10; Cas9,Cas10; Cas9,FALSE,4,0.9999822193935002
NPIDFLEA [K] GYK <=> APLSASMI [K] R,Intralink,NPIDFLEA [K] GYK,APLSASMI [K] R,9,9,1200;1189,338;327,sp|Cas10|Cas10; sp|Cas9|Cas9,sp|Cas10|Cas10; sp|Cas9|Cas9,Cas10; Cas9,Cas10; Cas9,FALSE,5,0.9999817646498065
QSG [K] TILDFLK <=> NLPNE [K] VLPK,Intralink,QSG [K] TILDFLK,NLPNE [K] VLPK,4,6,692;681,521;510,sp|Cas10|Cas10; sp|Cas9|Cas9,sp|Cas10|Cas10; sp|Cas9|Cas9,Cas10; Cas9,Cas10; Cas9,FALSE,1,0.9999816906515931
TEVQTGGFS [K] ESILPK <=> APLSASMI [K] R,Intralink,TEVQTGGFS [K] ESILPK,APLSASMI [K] R,10,9,1122;1111,338;327,sp|Cas10|Cas10; sp|Cas9|Cas9,sp|Cas10|Cas10; sp|Cas9|Cas9,Cas10; Cas9,Cas10; Cas9,FALSE,22,0.9999812668400406
VLSAYN [K] HR <=> VLSAYN [K] HR,Homomeric-inter,VLSAYN [K] HR,VLSAYN [K] HR,7,7,1311;1300,1311;1300,sp|Cas10|Cas10; sp|Cas9|Cas9,sp|Cas10|Cas10; sp|Cas9|Cas9,Cas10; Cas9,Cas10; Cas9,FALSE,2,0.9999812541375427
 [K] IECFDSVEISGVEDR <=> MIA [K] SEQEIGK,Intralink, [K] IECFDSVEISGVEDR,MIA [K] SEQEIGK,1,4,586;575,1039;1028,sp|Cas10|Cas10; sp|Cas9|Cas9,sp|Cas10|Cas10; sp|Cas9|Cas9,Cas10; Cas9,Cas10; Cas9,FALSE,2,0.9999812427848587
MLASAGELQ [K] GNELALPSK <=>  [K] PAFLSGEQK,Intralink,MLASAGELQ [K] GNELALPSK, [K] PAFLSGEQK,10,1,1237;1226,551;540,sp|Cas10|Cas10; sp|Cas9|Cas9,sp|Cas10|Cas10; sp|Cas9|Cas9,Cas10; Cas9,Cas10; Cas9,FALSE,17,0.9999809858640706
QIT [K] HVAQILDSR <=> MTNFD [K] NLPNEK,Intralink,QIT [K] HVAQILDSR,MTNFD [K] NLPNEK,4,6,944;933,515;504,sp|Cas10|Cas10; sp|Cas9|Cas9,sp|Cas10|Cas10; sp|Cas9|Cas9,Cas10; Cas9,Cas10; Cas9,FALSE,2,0.9999808272398121
D [K] QSGK <=> D [K] QSGK,Homomeric-inter,D [K] QSGK,D [K] QSGK,2,2,688;677,688;677,sp|Cas10|Cas10; sp|Cas9|Cas9,sp|Cas10|Cas10; sp|Cas9|Cas9,Cas10; Cas9,Cas10; Cas9,FALSE,1,0.9999807821312149
LENLIAQLPGE [K] K <=> L [K] GSPEDNEQK,Intralink,LENLIAQLPGE [K] K,L [K] GSPEDNEQK,12,2,248;237,1261;1250,sp|Cas10|Cas10; sp|Cas9|Cas9,sp|Cas10|Cas10; sp|Cas9|Cas9,Cas10; Cas9,Cas10; Cas9,FALSE,5,0.999980263698959
GGLSELD [K] AGFIK <=> QLLNA [K] LITQR,Intralink,GGLSELD [K] AGFIK,QLLNA [K] LITQR,8,6,928;917,905;894,sp|Cas10|Cas10; sp|Cas9|Cas9,sp|Cas10|Cas10; sp|Cas9|Cas9,Cas10; Cas9,Cas10; Cas9,FALSE,5,0.9999801170721099
SDNVPSEEVV [K] K <=> LVDSTD [K] ADLR,Intralink,SDNVPSEEVV [K] K,LVDSTD [K] ADLR,11,7,892;881,163;152,sp|Cas10|Cas10; sp|Cas9|Cas9,sp|Cas10|Cas10; sp|Cas9|Cas9,Cas10; Cas9,Cas10; Cas9,FALSE,37,0.9999794052787584
 [K] IECFDSVEISGVEDR <=> H [K] PENIVIEMAR,Intralink, [K] IECFDSVEISGVEDR,H [K] PENIVIEMAR,1,2,586;575,770;759,sp|Cas10|Cas10; sp|Cas9|Cas9,sp|Cas10|Cas10; sp|Cas9|Cas9,Cas10; Cas9,Cas10; Cas9,FALSE,2,0.9999793624821534
LEESFLVEED [K] K <=> LEESFLVEED [K] K,Homomeric-inter,LEESFLVEED [K] K,LEESFLVEED [K] K,11,11,126;115,126;115,sp|Cas10|Cas10; sp|Cas9|Cas9,sp|Cas10|Cas10; sp|Cas9|Cas9,Cas10; Cas9,Cas10; Cas9,FALSE,2,0.9999793353262145
V [K] YVTEGMR <=> V [K] YVTEGMR,Homomeric-inter,V [K] YVTEGMR,V [K] YVTEGMR,2,2,543;532,543;532,sp|Cas10|Cas10; sp|Cas9|Cas9,sp|Cas10|Cas10; sp|Cas9|Cas9,Cas10; Cas9,Cas10; Cas9,FALSE,18,0.9999785026089717
YDEND [K] LIR <=> DFQFY [K] VR,Intralink,YDEND [K] LIR,DFQFY [K] VR,6,6,963;952,989;978,sp|Cas10|Cas10; sp|Cas9|Cas9,sp|Cas10|Cas10; sp|Cas9|Cas9,Cas10; Cas9,Cas10; Cas9,FALSE,9,0.9999778962780693
 [K] IECFDSVEISGVEDR <=> FDNLT [K] AER,Intralink, [K] IECFDSVEISGVEDR,FDNLT [K] AER,1,6,586;575,917;906,sp|Cas10|Cas10; sp|Cas9|Cas9,sp|Cas10|Cas10; sp|Cas9|Cas9,Cas10; Cas9,Cas10; Cas9,FALSE,3,0.9999778620970557
IEEGI [K] ELGSQILK <=> SSFE [K] NPIDFLEAK,Intralink,IEEGI [K] ELGSQILK,SSFE [K] NPIDFLEAK,6,5,804;793,1191;1180,sp|Cas10|Cas10; sp|Cas9|Cas9,sp|Cas10|Cas10; sp|Cas9|Cas9,Cas10; Cas9,Cas10; Cas9,FALSE,2,0.9999777996912618
H [K] PENIVIEMAR <=> H [K] PENIVIEMAR,Homomeric-inter,H [K] PENIVIEMAR,H [K] PENIVIEMAR,2,2,770;759,770;759,sp|Cas10|Cas10; sp|Cas9|Cas9,sp|Cas10|Cas10; sp|Cas9|Cas9,Cas10; Cas9,Cas10; Cas9,FALSE,4,0.99997779112862
 [K] NLIGALLFDSGETAEATR <=> LVDSTD [K] ADLR,Intralink, [K] NLIGALLFDSGETAEATR,LVDSTD [K] ADLR,1,7,60;49,163;152,sp|Cas10|Cas10; sp|Cas9|Cas9,sp|Cas10|Cas10; sp|Cas9|Cas9,Cas10; Cas9,Cas10; Cas9,FALSE,15,0.9999776886507342
H [K] PENIVIEMAR <=> FDNLT [K] AER,Intralink,H [K] PENIVIEMAR,FDNLT [K] AER,2,6,770;759,917;906,sp|Cas10|Cas10; sp|Cas9|Cas9,sp|Cas10|Cas10; sp|Cas9|Cas9,Cas10; Cas9,Cas10; Cas9,FALSE,14,0.99997712940782
YDEHHQDLTLL [K] ALVR <=> SEQEIG [K] ATAK,Intralink,YDEHHQDLTLL [K] ALVR,SEQEIG [K] ATAK,12,7,351;340,1046;1035,sp|Cas10|Cas10; sp|Cas9|Cas9,sp|Cas10|Cas10; sp|Cas9|Cas9,Cas10; Cas9,Cas10; Cas9,FALSE,3,0.9999762188563348
MIA [K] SEQEIGK <=> FDNLT [K] AER,Intralink,MIA [K] SEQEIGK,FDNLT [K] AER,4,6,1039;1028,917;906,sp|Cas10|Cas10; sp|Cas9|Cas9,sp|Cas10|Cas10; sp|Cas9|Cas9,Cas10; Cas9,Cas10; Cas9,FALSE,32,0.9999760487482967
NSD [K] LIAR <=>  [K] DLIIK,Intralink,NSD [K] LIAR, [K] DLIIK,4,1,1133;1122,1207;1196,sp|Cas10|Cas10; sp|Cas9|Cas9,sp|Cas10|Cas10; sp|Cas9|Cas9,Cas10; Cas9,Cas10; Cas9,FALSE,4,0.9999757771793903
VNTEIT [K] APLSASMIK <=> SEQEIG [K] ATAK,Intralink,VNTEIT [K] APLSASMIK,SEQEIG [K] ATAK,7,7,329;318,1046;1035,sp|Cas10|Cas10; sp|Cas9|Cas9,sp|Cas10|Cas10; sp|Cas9|Cas9,Cas10; Cas9,Cas10; Cas9,FALSE,21,0.9999755452789099
LEESFLVEED [K] K <=> V [K] YVTEGMR,Intralink,LEESFLVEED [K] K,V [K] YVTEGMR,11,2,126;115,543;532,sp|Cas10|Cas10; sp|Cas9|Cas9,sp|Cas10|Cas10; sp|Cas9|Cas9,Cas10; Cas9,Cas10; Cas9,FALSE,2,0.9999754581852568
 [K] GILQTVK <=>  [K] GILQTVK,Homomeric-inter, [K] GILQTVK, [K] GILQTVK,1,1,750;739,750;739,sp|Cas10|Cas10; sp|Cas9|Cas9,sp|Cas10|Cas10; sp|Cas9|Cas9,Cas10; Cas9,Cas10; Cas9,FALSE,4,0.999975249076155
S [K] LVSDFR <=> S [K] LVSDFR,Homomeric-inter,S [K] LVSDFR,S [K] LVSDFR,2,2,976;965,976;965,sp|Cas10|Cas10; sp|Cas9|Cas9,sp|Cas10|Cas10; sp|Cas9|Cas9,Cas10; Cas9,Cas10; Cas9,FALSE,7,0.9999745429838497
FDNLT [K] AER <=> DFQFY [K] VR,Intralink,FDNLT [K] AER,DFQFY [K] VR,6,6,917;906,989;978,sp|Cas10|Cas10; sp|Cas9|Cas9,sp|Cas10|Cas10; sp|Cas9|Cas9,Cas10; Cas9,Cas10; Cas9,FALSE,17,0.9999745153585408
 [K] LVDSTDK <=>  [K] LVDSTDK,Homomeric-inter, [K] LVDSTDK, [K] LVDSTDK,1,1,156;145,156;145,sp|Cas10|Cas10; sp|Cas9|Cas9,sp|Cas10|Cas10; sp|Cas9|Cas9,Cas10; Cas9,Cas10; Cas9,FALSE,5,0.9999743200827483
 [K] DFQFYK <=> AGFI [K] R,Intralink, [K] DFQFYK,AGFI [K] R,1,5,983;972,933;922,sp|Cas10|Cas10; sp|Cas9|Cas9,sp|Cas10|Cas10; sp|Cas9|Cas9,Cas10; Cas9,Cas10; Cas9,FALSE,3,0.9999742051334984
SSFE [K] NPIDFLEAK <=> VLSAYN [K] HR,Intralink,SSFE [K] NPIDFLEAK,VLSAYN [K] HR,5,7,1191;1180,1311;1300,sp|Cas10|Cas10; sp|Cas9|Cas9,sp|Cas10|Cas10; sp|Cas9|Cas9,Cas10; Cas9,Cas10; Cas9,FALSE,8,0.9999740337965254
MIA [K] SEQEIGK <=> DFQFY [K] VR,Intralink,MIA [K] SEQEIGK,DFQFY [K] VR,4,6,1039;1028,989;978,sp|Cas10|Cas10; sp|Cas9|Cas9,sp|Cas10|Cas10; sp|Cas9|Cas9,Cas10; Cas9,Cas10; Cas9,FALSE,13,0.9999739091248451
AGFI [K] R <=> GQ [K] NSR,Intralink,AGFI [K] R,GQ [K] NSR,5,3,933;922,790;779,sp|Cas10|Cas10; sp|Cas9|Cas9,sp|Cas10|Cas10; sp|Cas9|Cas9,Cas10; Cas9,Cas10; Cas9,FALSE,6,0.9999729597701028
SSFE [K] NPIDFLEAK <=> IE [K] ILTFR,Intralink,SSFE [K] NPIDFLEAK,IE [K] ILTFR,5,3,1191;1180,457;446,sp|Cas10|Cas10; sp|Cas9|Cas9,sp|Cas10|Cas10; sp|Cas9|Cas9,Cas10; Cas9,Cas10; Cas9,FALSE,5,0.9999729505734093
 [K] GILQTVK <=> NSD [K] LIAR,Intralink, [K] GILQTVK,NSD [K] LIAR,1,4,750;739,1133;1122,sp|Cas10|Cas10; sp|Cas9|Cas9,sp|Cas10|Cas10; sp|Cas9|Cas9,Cas10; Cas9,Cas10; Cas9,FALSE,14,0.9999728551234148
YP [K] LESEFVYGDYK <=> L [K] GSPEDNEQK,Intralink,YP [K] LESEFVYGDYK,L [K] GSPEDNEQK,3,2,1018;1007,1261;1250,sp|Cas10|Cas10; sp|Cas9|Cas9,sp|Cas10|Cas10; sp|Cas9|Cas9,Cas10; Cas9,Cas10; Cas9,FALSE,8,0.9999727777918628
H [K] PENIVIEMAR <=> MIA [K] SEQEIGK,Intralink,H [K] PENIVIEMAR,MIA [K] SEQEIGK,2,4,770;759,1039;1028,sp|Cas10|Cas10; sp|Cas9|Cas9,sp|Cas10|Cas10; sp|Cas9|Cas9,Cas10; Cas9,Cas10; Cas9,FALSE,10,0.9999721813046913
QEDFYPFL [K] DNR <=> QEDFYPFL [K] DNR,Homomeric-inter,QEDFYPFL [K] DNR,QEDFYPFL [K] DNR,9,9,449;438,449;438,sp|Cas10|Cas10; sp|Cas9|Cas9,sp|Cas10|Cas10; sp|Cas9|Cas9,Cas10; Cas9,Cas10; Cas9,FALSE,4,0.9999717547875807
SV [K] ELLGITIMER <=> NLPNE [K] VLPK,Intralink,SV [K] ELLGITIMER,NLPNE [K] VLPK,3,6,1176;1165,521;510,sp|Cas10|Cas10; sp|Cas9|Cas9,sp|Cas10|Cas10; sp|Cas9|Cas9,Cas10; Cas9,Cas10; Cas9,FALSE,2,0.9999703070482908
 [K] IECFDSVEISGVEDR <=> DFQFY [K] VR,Intralink, [K] IECFDSVEISGVEDR,DFQFY [K] VR,1,6,586;575,989;978,sp|Cas10|Cas10; sp|Cas9|Cas9,sp|Cas10|Cas10; sp|Cas9|Cas9,Cas10; Cas9,Cas10; Cas9,FALSE,3,0.9999696588060651
 [K] NLIGALLFDSGETAEATR <=> GY [K] EVK,Intralink, [K] NLIGALLFDSGETAEATR,GY [K] EVK,1,3,60;49,1203;1192,sp|Cas10|Cas10; sp|Cas9|Cas9,sp|Cas10|Cas10; sp|Cas9|Cas9,Cas10; Cas9,Cas10; Cas9,FALSE,2,0.999969001118413
FDNLT [K] AER <=> YDEND [K] LIR,Intralink,FDNLT [K] AER,YDEND [K] LIR,6,6,917;906,963;952,sp|Cas10|Cas10; sp|Cas9|Cas9,sp|Cas10|Cas10; sp|Cas9|Cas9,Cas10; Cas9,Cas10; Cas9,FALSE,9,0.9999689648902919
G [K] SDNVPSEEVVK <=> V [K] YVTEGMR,Intralink,G [K] SDNVPSEEVVK,V [K] YVTEGMR,2,2,881;870,543;532,sp|Cas10|Cas10; sp|Cas9|Cas9,sp|Cas10|Cas10; sp|Cas9|Cas9,Cas10; Cas9,Cas10; Cas9,FALSE,21,0.9999682869949684
L [K] GSPEDNEQK <=> II [K] DK,Intralink,L [K] GSPEDNEQK,II [K] DK,2,3,1261;1250,617;606,sp|Cas10|Cas10; sp|Cas9|Cas9,sp|Cas10|Cas10; sp|Cas9|Cas9,Cas10; Cas9,Cas10; Cas9,FALSE,10,0.9999682077738065
SNFDLAEDA [K] LQLSK <=> VLSAYN [K] HR,Intralink,SNFDLAEDA [K] LQLSK,VLSAYN [K] HR,10,7,278;267,1311;1300,sp|Cas10|Cas10; sp|Cas9|Cas9,sp|Cas10|Cas10; sp|Cas9|Cas9,Cas10; Cas9,Cas10; Cas9,FALSE,3,0.9999682029533132
GY [K] EVK <=> VM [K] QLK,Intralink,GY [K] EVK,VM [K] QLK,3,3,1203;1192,664;653,sp|Cas10|Cas10; sp|Cas9|Cas9,sp|Cas10|Cas10; sp|Cas9|Cas9,Cas10; Cas9,Cas10; Cas9,FALSE,2,0.9999681445661123
L [K] GSPEDNEQK <=> DWDP [K] K,Intralink,L [K] GSPEDNEQK,DWDP [K] K,2,5,1261;1250,1144;1133,sp|Cas10|Cas10; sp|Cas9|Cas9,sp|Cas10|Cas10; sp|Cas9|Cas9,Cas10; Cas9,Cas10; Cas9,FALSE,1,0.9999676835628635
DDSIDN [K] VLTR <=> NSD [K] LIAR,Intralink,DDSIDN [K] VLTR,NSD [K] LIAR,7,4,870;859,1133;1122,sp|Cas10|Cas10; sp|Cas9|Cas9,sp|Cas10|Cas10; sp|Cas9|Cas9,Cas10; Cas9,Cas10; Cas9,FALSE,8,0.9999675453595005
DLII [K] LPK <=> ESILP [K] R,Intralink,DLII [K] LPK,ESILP [K] R,5,6,1212;1201,1128;1117,sp|Cas10|Cas10; sp|Cas9|Cas9,sp|Cas10|Cas10; sp|Cas9|Cas9,Cas10; Cas9,Cas10; Cas9,FALSE,2,0.9999674140014787
 [K] IECFDSVEISGVEDR <=> YDEND [K] LIR,Intralink, [K] IECFDSVEISGVEDR,YDEND [K] LIR,1,6,586;575,963;952,sp|Cas10|Cas10; sp|Cas9|Cas9,sp|Cas10|Cas10; sp|Cas9|Cas9,Cas10; Cas9,Cas10; Cas9,FALSE,1,0.9999669788426091
E [K] IEK <=>  [K] VTVK,Intralink,E [K] IEK, [K] VTVK,2,1,454;443,573;562,sp|Cas10|Cas10; sp|Cas9|Cas9,sp|Cas10|Cas10; sp|Cas9|Cas9,Cas10; Cas9,Cas10; Cas9,FALSE,1,0.999966911827428
LP [K] YSLFELENGR <=>  [K] FDNLTK,Intralink,LP [K] YSLFELENGR, [K] FDNLTK,3,1,1215;1204,911;900,sp|Cas10|Cas10; sp|Cas9|Cas9,sp|Cas10|Cas10; sp|Cas9|Cas9,Cas10; Cas9,Cas10; Cas9,FALSE,4,0.9999669081695673
TILDFL [K] SDGFANR <=> YDEND [K] LIR,Intralink,TILDFL [K] SDGFANR,YDEND [K] LIR,7,6,699;688,963;952,sp|Cas10|Cas10; sp|Cas9|Cas9,sp|Cas10|Cas10; sp|Cas9|Cas9,Cas10; Cas9,Cas10; Cas9,FALSE,7,0.9999662543175898
APLSASMI [K] R <=> FI [K] PILEK,Intralink,APLSASMI [K] R,FI [K] PILEK,9,3,338;327,392;381,sp|Cas10|Cas10; sp|Cas9|Cas9,sp|Cas10|Cas10; sp|Cas9|Cas9,Cas10; Cas9,Cas10; Cas9,FALSE,7,0.9999660853415077
QQLPE [K] YK <=> QQLPE [K] YK,Homomeric-inter,QQLPE [K] YK,QQLPE [K] YK,6,6,361;350,361;350,sp|Cas10|Cas10; sp|Cas9|Cas9,sp|Cas10|Cas10; sp|Cas9|Cas9,Cas10; Cas9,Cas10; Cas9,FALSE,3,0.999965945909011
GGLSELD [K] AGFIK <=> VITL [K] SK,Intralink,GGLSELD [K] AGFIK,VITL [K] SK,8,5,928;917,974;963,sp|Cas10|Cas10; sp|Cas9|Cas9,sp|Cas10|Cas10; sp|Cas9|Cas9,Cas10; Cas9,Cas10; Cas9,FALSE,2,0.9999652276057345
QL [K] EDYFK <=> QL [K] EDYFK,Homomeric-inter,QL [K] EDYFK,QL [K] EDYFK,3,3,580;569,580;569,sp|Cas10|Cas10; sp|Cas9|Cas9,sp|Cas10|Cas10; sp|Cas9|Cas9,Cas10; Cas9,Cas10; Cas9,FALSE,5,0.9999651868408501
F [K] VLGNTDR <=> F [K] VLGNTDR,Homomeric-inter,F [K] VLGNTDR,F [K] VLGNTDR,2,2,48;37,48;37,sp|Cas10|Cas10; sp|Cas9|Cas9,sp|Cas10|Cas10; sp|Cas9|Cas9,Cas10; Cas9,Cas10; Cas9,FALSE,2,0.9999646563463692
H [K] PENIVIEMAR <=> YDEND [K] LIR,Intralink,H [K] PENIVIEMAR,YDEND [K] LIR,2,6,770;759,963;952,sp|Cas10|Cas10; sp|Cas9|Cas9,sp|Cas10|Cas10; sp|Cas9|Cas9,Cas10; Cas9,Cas10; Cas9,FALSE,13,0.9999645087123182
LVDSTD [K] ADLR <=>  [K] DFQFYK,Intralink,LVDSTD [K] ADLR, [K] DFQFYK,7,1,163;152,983;972,sp|Cas10|Cas10; sp|Cas9|Cas9,sp|Cas10|Cas10; sp|Cas9|Cas9,Cas10; Cas9,Cas10; Cas9,FALSE,6,0.999964324766923
SEQEIG [K] ATAK <=>  [K] MIAK,Intralink,SEQEIG [K] ATAK, [K] MIAK,7,1,1046;1035,1035;1024,sp|Cas10|Cas10; sp|Cas9|Cas9,sp|Cas10|Cas10; sp|Cas9|Cas9,Cas10; Cas9,Cas10; Cas9,FALSE,6,0.9999636278784608
FI [K] PILEK <=>  [K] FDNLTK,Intralink,FI [K] PILEK, [K] FDNLTK,3,1,392;381,911;900,sp|Cas10|Cas10; sp|Cas9|Cas9,sp|Cas10|Cas10; sp|Cas9|Cas9,Cas10; Cas9,Cas10; Cas9,FALSE,4,0.999963229456979
GQ [K] NSR <=> GY [K] EVK,Intralink,GQ [K] NSR,GY [K] EVK,3,3,790;779,1203;1192,sp|Cas10|Cas10; sp|Cas9|Cas9,sp|Cas10|Cas10; sp|Cas9|Cas9,Cas10; Cas9,Cas10; Cas9,FALSE,1,0.999963210655097
LP [K] YSLFELENGR <=> APLSASMI [K] R,Intralink,LP [K] YSLFELENGR,APLSASMI [K] R,3,9,1215;1204,338;327,sp|Cas10|Cas10; sp|Cas9|Cas9,sp|Cas10|Cas10; sp|Cas9|Cas9,Cas10; Cas9,Cas10; Cas9,FALSE,2,0.999963085468016
 [K] SEETITPWNFEEVVDK <=> QQLPE [K] YK,Intralink, [K] SEETITPWNFEEVVDK,QQLPE [K] YK,1,6,483;472,361;350,sp|Cas10|Cas10; sp|Cas9|Cas9,sp|Cas10|Cas10; sp|Cas9|Cas9,Cas10; Cas9,Cas10; Cas9,FALSE,3,0.9999626673611282
 [K] GILQTVK <=>  [K] DLIIK,Intralink, [K] GILQTVK, [K] DLIIK,1,1,750;739,1207;1196,sp|Cas10|Cas10; sp|Cas9|Cas9,sp|Cas10|Cas10; sp|Cas9|Cas9,Cas10; Cas9,Cas10; Cas9,FALSE,2,0.9999623651117182
SEQEIG [K] ATAK <=> F [K] VLGNTDR,Intralink,SEQEIG [K] ATAK,F [K] VLGNTDR,7,2,1046;1035,48;37,sp|Cas10|Cas10; sp|Cas9|Cas9,sp|Cas10|Cas10; sp|Cas9|Cas9,Cas10; Cas9,Cas10; Cas9,FALSE,18,0.9999623046644884
 [K] SEETITPWNFEEVVDK <=> S [K] LVSDFR,Intralink, [K] SEETITPWNFEEVVDK,S [K] LVSDFR,1,2,483;472,976;965,sp|Cas10|Cas10; sp|Cas9|Cas9,sp|Cas10|Cas10; sp|Cas9|Cas9,Cas10; Cas9,Cas10; Cas9,FALSE,6,0.999962295862245
MTNFD [K] NLPNEK <=> S [K] LVSDFR,Intralink,MTNFD [K] NLPNEK,S [K] LVSDFR,6,2,515;504,976;965,sp|Cas10|Cas10; sp|Cas9|Cas9,sp|Cas10|Cas10; sp|Cas9|Cas9,Cas10; Cas9,Cas10; Cas9,FALSE,24,0.999960272174691
V [K] YVTEGMR <=> VPS [K] K,Intralink,V [K] YVTEGMR,VPS [K] K,2,4,543;532,45;34,sp|Cas10|Cas10; sp|Cas9|Cas9,sp|Cas10|Cas10; sp|Cas9|Cas9,Cas10; Cas9,Cas10; Cas9,FALSE,3,0.9999602597333219
VNTEIT [K] APLSASMIK <=> F [K] VLGNTDR,Intralink,VNTEIT [K] APLSASMIK,F [K] VLGNTDR,7,2,329;318,48;37,sp|Cas10|Cas10; sp|Cas9|Cas9,sp|Cas10|Cas10; sp|Cas9|Cas9,Cas10; Cas9,Cas10; Cas9,FALSE,9,0.9999602263011858
YP [K] LESEFVYGDYK <=> LENLIAQLPGE [K] K,Intralink,YP [K] LESEFVYGDYK,LENLIAQLPGE [K] K,3,12,1018;1007,248;237,sp|Cas10|Cas10; sp|Cas9|Cas9,sp|Cas10|Cas10; sp|Cas9|Cas9,Cas10; Cas9,Cas10; Cas9,FALSE,1,0.9999600540732158
APLSASMI [K] R <=>  [K] FDNLTK,Intralink,APLSASMI [K] R, [K] FDNLTK,9,1,338;327,911;900,sp|Cas10|Cas10; sp|Cas9|Cas9,sp|Cas10|Cas10; sp|Cas9|Cas9,Cas10; Cas9,Cas10; Cas9,FALSE,10,0.9999599205341384
VLSAYN [K] HR <=>  [K] LVDSTDK,Intralink,VLSAYN [K] HR, [K] LVDSTDK,7,1,1311;1300,156;145,sp|Cas10|Cas10; sp|Cas9|Cas9,sp|Cas10|Cas10; sp|Cas9|Cas9,Cas10; Cas9,Cas10; Cas9,FALSE,13,0.9999590867296232
MIA [K] SEQEIGK <=> YDEND [K] LIR,Intralink,MIA [K] SEQEIGK,YDEND [K] LIR,4,6,1039;1028,963;952,sp|Cas10|Cas10; sp|Cas9|Cas9,sp|Cas10|Cas10; sp|Cas9|Cas9,Cas10; Cas9,Cas10; Cas9,FALSE,9,0.9999590519902665
D [K] QSGK <=> HSI [K] K,Intralink,D [K] QSGK,HSI [K] K,2,4,688;677,59;48,sp|Cas10|Cas10; sp|Cas9|Cas9,sp|Cas10|Cas10; sp|Cas9|Cas9,Cas10; Cas9,Cas10; Cas9,FALSE,3,0.9999588231426291
SEQEIG [K] ATAK <=> ESILP [K] R,Intralink,SEQEIG [K] ATAK,ESILP [K] R,7,6,1046;1035,1128;1117,sp|Cas10|Cas10; sp|Cas9|Cas9,sp|Cas10|Cas10; sp|Cas9|Cas9,Cas10; Cas9,Cas10; Cas9,FALSE,6,0.9999587626804375
NLPNE [K] VLPK <=> HSI [K] K,Intralink,NLPNE [K] VLPK,HSI [K] K,6,4,521;510,59;48,sp|Cas10|Cas10; sp|Cas9|Cas9,sp|Cas10|Cas10; sp|Cas9|Cas9,Cas10; Cas9,Cas10; Cas9,FALSE,3,0.9999586950198562
H [K] PENIVIEMAR <=> DFQFY [K] VR,Intralink,H [K] PENIVIEMAR,DFQFY [K] VR,2,6,770;759,989;978,sp|Cas10|Cas10; sp|Cas9|Cas9,sp|Cas10|Cas10; sp|Cas9|Cas9,Cas10; Cas9,Cas10; Cas9,FALSE,4,0.9999586283100553
TYAHLFDD [K] VMK <=> NLPNE [K] VLPK,Intralink,TYAHLFDD [K] VMK,NLPNE [K] VLPK,9,6,661;650,521;510,sp|Cas10|Cas10; sp|Cas9|Cas9,sp|Cas10|Cas10; sp|Cas9|Cas9,Cas10; Cas9,Cas10; Cas9,FALSE,7,0.999958398883253
YP [K] LESEFVYGDYK <=> II [K] DK,Intralink,YP [K] LESEFVYGDYK,II [K] DK,3,3,1018;1007,617;606,sp|Cas10|Cas10; sp|Cas9|Cas9,sp|Cas10|Cas10; sp|Cas9|Cas9,Cas10; Cas9,Cas10; Cas9,FALSE,3,0.999958240827619
SDNVPSEEVV [K] K <=> AGFI [K] R,Intralink,SDNVPSEEVV [K] K,AGFI [K] R,11,5,892;881,933;922,sp|Cas10|Cas10; sp|Cas9|Cas9,sp|Cas10|Cas10; sp|Cas9|Cas9,Cas10; Cas9,Cas10; Cas9,FALSE,7,0.9999582036047776
MIA [K] SEQEIGK <=> V [K] YVTEGMR,Intralink,MIA [K] SEQEIGK,V [K] YVTEGMR,4,2,1039;1028,543;532,sp|Cas10|Cas10; sp|Cas9|Cas9,sp|Cas10|Cas10; sp|Cas9|Cas9,Cas10; Cas9,Cas10; Cas9,FALSE,1,0.9999580082579486
SNFDLAEDA [K] LQLSK <=>  [K] LVDSTDK,Intralink,SNFDLAEDA [K] LQLSK, [K] LVDSTDK,10,1,278;267,156;145,sp|Cas10|Cas10; sp|Cas9|Cas9,sp|Cas10|Cas10; sp|Cas9|Cas9,Cas10; Cas9,Cas10; Cas9,FALSE,4,0.9999578183105904
LVDSTD [K] ADLR <=> GY [K] EVK,Intralink,LVDSTD [K] ADLR,GY [K] EVK,7,3,163;152,1203;1192,sp|Cas10|Cas10; sp|Cas9|Cas9,sp|Cas10|Cas10; sp|Cas9|Cas9,Cas10; Cas9,Cas10; Cas9,FALSE,7,0.9999569316827862
FI [K] PILEK <=> FI [K] PILEK,Homomeric-inter,FI [K] PILEK,FI [K] PILEK,3,3,392;381,392;381,sp|Cas10|Cas10; sp|Cas9|Cas9,sp|Cas10|Cas10; sp|Cas9|Cas9,Cas10; Cas9,Cas10; Cas9,FALSE,2,0.9999568306041742
SDNVPSEEVV [K] K <=> GY [K] EVK,Intralink,SDNVPSEEVV [K] K,GY [K] EVK,11,3,892;881,1203;1192,sp|Cas10|Cas10; sp|Cas9|Cas9,sp|Cas10|Cas10; sp|Cas9|Cas9,Cas10; Cas9,Cas10; Cas9,FALSE,5,0.9999567293879772
IEEGI [K] ELGSQILK <=>  [K] LVDSTDK,Intralink,IEEGI [K] ELGSQILK, [K] LVDSTDK,6,1,804;793,156;145,sp|Cas10|Cas10; sp|Cas9|Cas9,sp|Cas10|Cas10; sp|Cas9|Cas9,Cas10; Cas9,Cas10; Cas9,FALSE,3,0.9999566157312415
FDNLT [K] AER <=> V [K] YVTEGMR,Intralink,FDNLT [K] AER,V [K] YVTEGMR,6,2,917;906,543;532,sp|Cas10|Cas10; sp|Cas9|Cas9,sp|Cas10|Cas10; sp|Cas9|Cas9,Cas10; Cas9,Cas10; Cas9,FALSE,3,0.9999564880069265
V [K] YVTEGMR <=> DFQFY [K] VR,Intralink,V [K] YVTEGMR,DFQFY [K] VR,2,6,543;532,989;978,sp|Cas10|Cas10; sp|Cas9|Cas9,sp|Cas10|Cas10; sp|Cas9|Cas9,Cas10; Cas9,Cas10; Cas9,FALSE,1,0.9999553345151336
MDGTEELLV [K] LNR <=> QLLNA [K] LITQR,Intralink,MDGTEELLV [K] LNR,QLLNA [K] LITQR,10,6,407;396,905;894,sp|Cas10|Cas10; sp|Cas9|Cas9,sp|Cas10|Cas10; sp|Cas9|Cas9,Cas10; Cas9,Cas10; Cas9,FALSE,1,0.9999548281917864
VITL [K] SK <=>  [K] VTVK,Intralink,VITL [K] SK, [K] VTVK,5,1,974;963,573;562,sp|Cas10|Cas10; sp|Cas9|Cas9,sp|Cas10|Cas10; sp|Cas9|Cas9,Cas10; Cas9,Cas10; Cas9,FALSE,1,0.9999546197383798
MTNFD [K] NLPNEK <=>  [K] DWDPK,Intralink,MTNFD [K] NLPNEK, [K] DWDPK,6,1,515;504,1139;1128,sp|Cas10|Cas10; sp|Cas9|Cas9,sp|Cas10|Cas10; sp|Cas9|Cas9,Cas10; Cas9,Cas10; Cas9,FALSE,4,0.9999541253034399
MDGTEELLV [K] LNR <=> E [K] IEK,Intralink,MDGTEELLV [K] LNR,E [K] IEK,10,2,407;396,454;443,sp|Cas10|Cas10; sp|Cas9|Cas9,sp|Cas10|Cas10; sp|Cas9|Cas9,Cas10; Cas9,Cas10; Cas9,FALSE,1,0.999954110650381
F [K] VLGNTDR <=>  [K] MIAK,Intralink,F [K] VLGNTDR, [K] MIAK,2,1,48;37,1035;1024,sp|Cas10|Cas10; sp|Cas9|Cas9,sp|Cas10|Cas10; sp|Cas9|Cas9,Cas10; Cas9,Cas10; Cas9,FALSE,4,0.9999533618433147
LVDSTD [K] ADLR <=> AGFI [K] R,Intralink,LVDSTD [K] ADLR,AGFI [K] R,7,5,163;152,933;922,sp|Cas10|Cas10; sp|Cas9|Cas9,sp|Cas10|Cas10; sp|Cas9|Cas9,Cas10; Cas9,Cas10; Cas9,FALSE,21,0.9999532239797266
NPIDFLEA [K] GYK <=>  [K] FDNLTK,Intralink,NPIDFLEA [K] GYK, [K] FDNLTK,9,1,1200;1189,911;900,sp|Cas10|Cas10; sp|Cas9|Cas9,sp|Cas10|Cas10; sp|Cas9|Cas9,Cas10; Cas9,Cas10; Cas9,FALSE,4,0.9999530078115358
 [K] NLIGALLFDSGETAEATR <=> VM [K] QLK,Intralink, [K] NLIGALLFDSGETAEATR,VM [K] QLK,1,3,60;49,664;653,sp|Cas10|Cas10; sp|Cas9|Cas9,sp|Cas10|Cas10; sp|Cas9|Cas9,Cas10; Cas9,Cas10; Cas9,FALSE,1,0.9999528926849852
GGLSELD [K] AGFIK <=> QL [K] EDYFK,Intralink,GGLSELD [K] AGFIK,QL [K] EDYFK,8,3,928;917,580;569,sp|Cas10|Cas10; sp|Cas9|Cas9,sp|Cas10|Cas10; sp|Cas9|Cas9,Cas10; Cas9,Cas10; Cas9,FALSE,4,0.9999523922864736
S [K] LVSDFR <=>  [K] DWDPK,Intralink,S [K] LVSDFR, [K] DWDPK,2,1,976;965,1139;1128,sp|Cas10|Cas10; sp|Cas9|Cas9,sp|Cas10|Cas10; sp|Cas9|Cas9,Cas10; Cas9,Cas10; Cas9,FALSE,7,0.9999521672185319
 [K] DFQFYK <=> VM [K] QLK,Intralink, [K] DFQFYK,VM [K] QLK,1,3,983;972,664;653,sp|Cas10|Cas10; sp|Cas9|Cas9,sp|Cas10|Cas10; sp|Cas9|Cas9,Cas10; Cas9,Cas10; Cas9,FALSE,1,0.9999519260307248
MDGTEELLV [K] LNR <=> QL [K] EDYFK,Intralink,MDGTEELLV [K] LNR,QL [K] EDYFK,10,3,407;396,580;569,sp|Cas10|Cas10; sp|Cas9|Cas9,sp|Cas10|Cas10; sp|Cas9|Cas9,Cas10; Cas9,Cas10; Cas9,FALSE,6,0.9999513117065221
TEVQTGGFS [K] ESILPK <=>  [K] FDNLTK,Intralink,TEVQTGGFS [K] ESILPK, [K] FDNLTK,10,1,1122;1111,911;900,sp|Cas10|Cas10; sp|Cas9|Cas9,sp|Cas10|Cas10; sp|Cas9|Cas9,Cas10; Cas9,Cas10; Cas9,FALSE,8,0.999951040305402
QLLNA [K] LITQR <=> QL [K] EDYFK,Intralink,QLLNA [K] LITQR,QL [K] EDYFK,6,3,905;894,580;569,sp|Cas10|Cas10; sp|Cas9|Cas9,sp|Cas10|Cas10; sp|Cas9|Cas9,Cas10; Cas9,Cas10; Cas9,FALSE,6,0.9999506786246362
G [K] SDNVPSEEVVK <=> VTV [K] QLK,Intralink,G [K] SDNVPSEEVVK,VTV [K] QLK,2,4,881;870,577;566,sp|Cas10|Cas10; sp|Cas9|Cas9,sp|Cas10|Cas10; sp|Cas9|Cas9,Cas10; Cas9,Cas10; Cas9,FALSE,2,0.9999504318490204
MTNFD [K] NLPNEK <=> QQLPE [K] YK,Intralink,MTNFD [K] NLPNEK,QQLPE [K] YK,6,6,515;504,361;350,sp|Cas10|Cas10; sp|Cas9|Cas9,sp|Cas10|Cas10; sp|Cas9|Cas9,Cas10; Cas9,Cas10; Cas9,FALSE,7,0.9999504136523213
SSFE [K] NPIDFLEAK <=>  [K] LVDSTDK,Intralink,SSFE [K] NPIDFLEAK, [K] LVDSTDK,5,1,1191;1180,156;145,sp|Cas10|Cas10; sp|Cas9|Cas9,sp|Cas10|Cas10; sp|Cas9|Cas9,Cas10; Cas9,Cas10; Cas9,FALSE,11,0.9999503210918973
QEDFYPFL [K] DNR <=> VPS [K] K,Intralink,QEDFYPFL [K] DNR,VPS [K] K,9,4,449;438,45;34,sp|Cas10|Cas10; sp|Cas9|Cas9,sp|Cas10|Cas10; sp|Cas9|Cas9,Cas10; Cas9,Cas10; Cas9,FALSE,1,0.9999494602611816
TEVQTGGFS [K] ESILPK <=> FI [K] PILEK,Intralink,TEVQTGGFS [K] ESILPK,FI [K] PILEK,10,3,1122;1111,392;381,sp|Cas10|Cas10; sp|Cas9|Cas9,sp|Cas10|Cas10; sp|Cas9|Cas9,Cas10; Cas9,Cas10; Cas9,FALSE,5,0.9999491893670398
QLLNA [K] LITQR <=>  [K] VTVK,Intralink,QLLNA [K] LITQR, [K] VTVK,6,1,905;894,573;562,sp|Cas10|Cas10; sp|Cas9|Cas9,sp|Cas10|Cas10; sp|Cas9|Cas9,Cas10; Cas9,Cas10; Cas9,FALSE,1,0.9999488448774498
VNTEIT [K] APLSASMIK <=> ESILP [K] R,Intralink,VNTEIT [K] APLSASMIK,ESILP [K] R,7,6,329;318,1128;1117,sp|Cas10|Cas10; sp|Cas9|Cas9,sp|Cas10|Cas10; sp|Cas9|Cas9,Cas10; Cas9,Cas10; Cas9,FALSE,7,0.9999487416600895
AGFI [K] R <=> VM [K] QLK,Intralink,AGFI [K] R,VM [K] QLK,5,3,933;922,664;653,sp|Cas10|Cas10; sp|Cas9|Cas9,sp|Cas10|Cas10; sp|Cas9|Cas9,Cas10; Cas9,Cas10; Cas9,FALSE,3,0.999948433859442
QL [K] EDYFK <=> VITL [K] SK,Intralink,QL [K] EDYFK,VITL [K] SK,3,5,580;569,974;963,sp|Cas10|Cas10; sp|Cas9|Cas9,sp|Cas10|Cas10; sp|Cas9|Cas9,Cas10; Cas9,Cas10; Cas9,FALSE,3,0.999948308948606
DDSIDN [K] VLTR <=>  [K] GILQTVK,Intralink,DDSIDN [K] VLTR, [K] GILQTVK,7,1,870;859,750;739,sp|Cas10|Cas10; sp|Cas9|Cas9,sp|Cas10|Cas10; sp|Cas9|Cas9,Cas10; Cas9,Cas10; Cas9,FALSE,1,0.999948237552061
LVDSTD [K] ADLR <=> VM [K] QLK,Intralink,LVDSTD [K] ADLR,VM [K] QLK,7,3,163;152,664;653,sp|Cas10|Cas10; sp|Cas9|Cas9,sp|Cas10|Cas10; sp|Cas9|Cas9,Cas10; Cas9,Cas10; Cas9,FALSE,13,0.9999478564379788
QQLPE [K] YK <=> S [K] LVSDFR,Intralink,QQLPE [K] YK,S [K] LVSDFR,6,2,361;350,976;965,sp|Cas10|Cas10; sp|Cas9|Cas9,sp|Cas10|Cas10; sp|Cas9|Cas9,Cas10; Cas9,Cas10; Cas9,FALSE,7,0.9999470065178485
NPIDFLEA [K] GYK <=> NPIDFLEA [K] GYK,Homomeric-inter,NPIDFLEA [K] GYK,NPIDFLEA [K] GYK,9,9,1200;1189,1200;1189,sp|Cas10|Cas10; sp|Cas9|Cas9,sp|Cas10|Cas10; sp|Cas9|Cas9,Cas10; Cas9,Cas10; Cas9,FALSE,1,0.9999465504779049
F [K] VLGNTDR <=> ESILP [K] R,Intralink,F [K] VLGNTDR,ESILP [K] R,2,6,48;37,1128;1117,sp|Cas10|Cas10; sp|Cas9|Cas9,sp|Cas10|Cas10; sp|Cas9|Cas9,Cas10; Cas9,Cas10; Cas9,FALSE,11,0.9999463633429768
NPIDFLEA [K] GYK <=>  [K] LINGIR,Intralink,NPIDFLEA [K] GYK, [K] LINGIR,9,1,1200;1189,680;669,sp|Cas10|Cas10; sp|Cas9|Cas9,sp|Cas10|Cas10; sp|Cas9|Cas9,Cas10; Cas9,Cas10; Cas9,FALSE,1,0.9999453289897302
AIVDLLF [K] TNR <=> SEQEIG [K] ATAK,Intralink,AIVDLLF [K] TNR,SEQEIG [K] ATAK,8,7,569;558,1046;1035,sp|Cas10|Cas10; sp|Cas9|Cas9,sp|Cas10|Cas10; sp|Cas9|Cas9,Cas10; Cas9,Cas10; Cas9,FALSE,1,0.9999450922829911
SDNVPSEEVV [K] K <=> VM [K] QLK,Intralink,SDNVPSEEVV [K] K,VM [K] QLK,11,3,892;881,664;653,sp|Cas10|Cas10; sp|Cas9|Cas9,sp|Cas10|Cas10; sp|Cas9|Cas9,Cas10; Cas9,Cas10; Cas9,FALSE,6,0.9999443472483286
GGLSELD [K] AGFIK <=> E [K] IEK,Intralink,GGLSELD [K] AGFIK,E [K] IEK,8,2,928;917,454;443,sp|Cas10|Cas10; sp|Cas9|Cas9,sp|Cas10|Cas10; sp|Cas9|Cas9,Cas10; Cas9,Cas10; Cas9,FALSE,1,0.9999443425386001
VNTEIT [K] APLSASMIK <=>  [K] MIAK,Intralink,VNTEIT [K] APLSASMIK, [K] MIAK,7,1,329;318,1035;1024,sp|Cas10|Cas10; sp|Cas9|Cas9,sp|Cas10|Cas10; sp|Cas9|Cas9,Cas10; Cas9,Cas10; Cas9,FALSE,2,0.9999441087605612
QIT [K] HVAQILDSR <=> QQLPE [K] YK,Intralink,QIT [K] HVAQILDSR,QQLPE [K] YK,4,6,944;933,361;350,sp|Cas10|Cas10; sp|Cas9|Cas9,sp|Cas10|Cas10; sp|Cas9|Cas9,Cas10; Cas9,Cas10; Cas9,FALSE,1,0.9999423404550698
GQ [K] NSR <=> VM [K] QLK,Intralink,GQ [K] NSR,VM [K] QLK,3,3,790;779,664;653,sp|Cas10|Cas10; sp|Cas9|Cas9,sp|Cas10|Cas10; sp|Cas9|Cas9,Cas10; Cas9,Cas10; Cas9,FALSE,1,0.999941997114412
SDNVPSEEVV [K] K <=>  [K] DFQFYK,Intralink,SDNVPSEEVV [K] K, [K] DFQFYK,11,1,892;881,983;972,sp|Cas10|Cas10; sp|Cas9|Cas9,sp|Cas10|Cas10; sp|Cas9|Cas9,Cas10; Cas9,Cas10; Cas9,FALSE,1,0.9999414158015377
V [K] YVTEGMR <=> VTV [K] QLK,Intralink,V [K] YVTEGMR,VTV [K] QLK,2,4,543;532,577;566,sp|Cas10|Cas10; sp|Cas9|Cas9,sp|Cas10|Cas10; sp|Cas9|Cas9,Cas10; Cas9,Cas10; Cas9,FALSE,1,0.9999412928098549
 [K] DLIIK <=> M [K] NYWR,Intralink, [K] DLIIK,M [K] NYWR,1,2,1207;1196,895;884,sp|Cas10|Cas10; sp|Cas9|Cas9,sp|Cas10|Cas10; sp|Cas9|Cas9,Cas10; Cas9,Cas10; Cas9,FALSE,2,0.9999406813537166
YP [K] LESEFVYGDYK <=> L [K] SVK,Intralink,YP [K] LESEFVYGDYK,L [K] SVK,3,2,1018;1007,1173;1162,sp|Cas10|Cas10; sp|Cas9|Cas9,sp|Cas10|Cas10; sp|Cas9|Cas9,Cas10; Cas9,Cas10; Cas9,FALSE,1,0.999939961760345
IE [K] ILTFR <=>  [K] LVDSTDK,Intralink,IE [K] ILTFR, [K] LVDSTDK,3,1,457;446,156;145,sp|Cas10|Cas10; sp|Cas9|Cas9,sp|Cas10|Cas10; sp|Cas9|Cas9,Cas10; Cas9,Cas10; Cas9,FALSE,3,0.9999397120157074
L [K] TYAHLFDDK <=> ESILP [K] R,Intralink,L [K] TYAHLFDDK,ESILP [K] R,2,6,652;641,1128;1117,sp|Cas10|Cas10; sp|Cas9|Cas9,sp|Cas10|Cas10; sp|Cas9|Cas9,Cas10; Cas9,Cas10; Cas9,FALSE,2,0.9999390917528388
QEDFYPFL [K] DNR <=> V [K] YVTEGMR,Intralink,QEDFYPFL [K] DNR,V [K] YVTEGMR,9,2,449;438,543;532,sp|Cas10|Cas10; sp|Cas9|Cas9,sp|Cas10|Cas10; sp|Cas9|Cas9,Cas10; Cas9,Cas10; Cas9,FALSE,4,0.9999390322553556
LP [K] YSLFELENGR <=> SD [K] NR,Intralink,LP [K] YSLFELENGR,SD [K] NR,3,3,1215;1204,877;866,sp|Cas10|Cas10; sp|Cas9|Cas9,sp|Cas10|Cas10; sp|Cas9|Cas9,Cas10; Cas9,Cas10; Cas9,FALSE,1,0.9999378173463448
NSD [K] LIAR <=> M [K] NYWR,Intralink,NSD [K] LIAR,M [K] NYWR,4,2,1133;1122,895;884,sp|Cas10|Cas10; sp|Cas9|Cas9,sp|Cas10|Cas10; sp|Cas9|Cas9,Cas10; Cas9,Cas10; Cas9,FALSE,8,0.9999373836034081
 [K] SEETITPWNFEEVVDK <=>  [K] DWDPK,Intralink, [K] SEETITPWNFEEVVDK, [K] DWDPK,1,1,483;472,1139;1128,sp|Cas10|Cas10; sp|Cas9|Cas9,sp|Cas10|Cas10; sp|Cas9|Cas9,Cas10; Cas9,Cas10; Cas9,FALSE,1,0.999935904498287
L [K] GSPEDNEQK <=> L [K] SVK,Intralink,L [K] GSPEDNEQK,L [K] SVK,2,2,1261;1250,1173;1162,sp|Cas10|Cas10; sp|Cas9|Cas9,sp|Cas10|Cas10; sp|Cas9|Cas9,Cas10; Cas9,Cas10; Cas9,FALSE,6,0.9999351324678722
NLPNE [K] VLPK <=> D [K] QSGK,Intralink,NLPNE [K] VLPK,D [K] QSGK,6,2,521;510,688;677,sp|Cas10|Cas10; sp|Cas9|Cas9,sp|Cas10|Cas10; sp|Cas9|Cas9,Cas10; Cas9,Cas10; Cas9,FALSE,12,0.9999319744056144
MDGTEELLV [K] LNR <=>  [K] VTVK,Intralink,MDGTEELLV [K] LNR, [K] VTVK,10,1,407;396,573;562,sp|Cas10|Cas10; sp|Cas9|Cas9,sp|Cas10|Cas10; sp|Cas9|Cas9,Cas10; Cas9,Cas10; Cas9,FALSE,1,0.9999315612760469
APLSASMI [K] R <=>  [K] LINGIR,Intralink,APLSASMI [K] R, [K] LINGIR,9,1,338;327,680;669,sp|Cas10|Cas10; sp|Cas9|Cas9,sp|Cas10|Cas10; sp|Cas9|Cas9,Cas10; Cas9,Cas10; Cas9,FALSE,2,0.9999306622455278
NPIDFLEA [K] GYK <=> FI [K] PILEK,Intralink,NPIDFLEA [K] GYK,FI [K] PILEK,9,3,1200;1189,392;381,sp|Cas10|Cas10; sp|Cas9|Cas9,sp|Cas10|Cas10; sp|Cas9|Cas9,Cas10; Cas9,Cas10; Cas9,FALSE,1,0.9999303136650083
TYAHLFDD [K] VMK <=> D [K] QSGK,Intralink,TYAHLFDD [K] VMK,D [K] QSGK,9,2,661;650,688;677,sp|Cas10|Cas10; sp|Cas9|Cas9,sp|Cas10|Cas10; sp|Cas9|Cas9,Cas10; Cas9,Cas10; Cas9,FALSE,3,0.9999282704625947
 [K] DFQFYK <=> GY [K] EVK,Intralink, [K] DFQFYK,GY [K] EVK,1,3,983;972,1203;1192,sp|Cas10|Cas10; sp|Cas9|Cas9,sp|Cas10|Cas10; sp|Cas9|Cas9,Cas10; Cas9,Cas10; Cas9,FALSE,1,0.9999251850270496
SNFDLAEDA [K] LQLSK <=> IE [K] ILTFR,Intralink,SNFDLAEDA [K] LQLSK,IE [K] ILTFR,10,3,278;267,457;446,sp|Cas10|Cas10; sp|Cas9|Cas9,sp|Cas10|Cas10; sp|Cas9|Cas9,Cas10; Cas9,Cas10; Cas9,FALSE,1,0.9999234400632465
TEVQTGGFS [K] ESILPK <=>  [K] LINGIR,Intralink,TEVQTGGFS [K] ESILPK, [K] LINGIR,10,1,1122;1111,680;669,sp|Cas10|Cas10; sp|Cas9|Cas9,sp|Cas10|Cas10; sp|Cas9|Cas9,Cas10; Cas9,Cas10; Cas9,FALSE,3,0.9999222773876623
LVDSTD [K] ADLR <=> GQ [K] NSR,Intralink,LVDSTD [K] ADLR,GQ [K] NSR,7,3,163;152,790;779,sp|Cas10|Cas10; sp|Cas9|Cas9,sp|Cas10|Cas10; sp|Cas9|Cas9,Cas10; Cas9,Cas10; Cas9,FALSE,8,0.999921530788429
V [K] YVTEGMR <=> YDEND [K] LIR,Intralink,V [K] YVTEGMR,YDEND [K] LIR,2,6,543;532,963;952,sp|Cas10|Cas10; sp|Cas9|Cas9,sp|Cas10|Cas10; sp|Cas9|Cas9,Cas10; Cas9,Cas10; Cas9,FALSE,1,0.999920225533877
SDNVPSEEVV [K] K <=> GQ [K] NSR,Intralink,SDNVPSEEVV [K] K,GQ [K] NSR,11,3,892;881,790;779,sp|Cas10|Cas10; sp|Cas9|Cas9,sp|Cas10|Cas10; sp|Cas9|Cas9,Cas10; Cas9,Cas10; Cas9,FALSE,1,0.9999176273054947
NPIDFLEA [K] GYK <=> SD [K] NR,Intralink,NPIDFLEA [K] GYK,SD [K] NR,9,3,1200;1189,877;866,sp|Cas10|Cas10; sp|Cas9|Cas9,sp|Cas10|Cas10; sp|Cas9|Cas9,Cas10; Cas9,Cas10; Cas9,FALSE,1,0.9999168730921332
QQLPE [K] YK <=>  [K] DWDPK,Intralink,QQLPE [K] YK, [K] DWDPK,6,1,361;350,1139;1128,sp|Cas10|Cas10; sp|Cas9|Cas9,sp|Cas10|Cas10; sp|Cas9|Cas9,Cas10; Cas9,Cas10; Cas9,FALSE,1,0.9999159507624481
LP [K] YSLFELENGR <=> FI [K] PILEK,Intralink,LP [K] YSLFELENGR,FI [K] PILEK,3,3,1215;1204,392;381,sp|Cas10|Cas10; sp|Cas9|Cas9,sp|Cas10|Cas10; sp|Cas9|Cas9,Cas10; Cas9,Cas10; Cas9,FALSE,2,0.999911195738462
 [K] MIAK <=>  [K] MIAK,Homomeric-inter, [K] MIAK, [K] MIAK,1,1,1035;1024,1035;1024,sp|Cas10|Cas10; sp|Cas9|Cas9,sp|Cas10|Cas10; sp|Cas9|Cas9,Cas10; Cas9,Cas10; Cas9,FALSE,2,0.9999106075133561
 [K] NLIGALLFDSGETAEATR <=> GQ [K] NSR,Intralink, [K] NLIGALLFDSGETAEATR,GQ [K] NSR,1,3,60;49,790;779,sp|Cas10|Cas10; sp|Cas9|Cas9,sp|Cas10|Cas10; sp|Cas9|Cas9,Cas10; Cas9,Cas10; Cas9,FALSE,3,0.9999067759845182
QLLNA [K] LITQR <=> E [K] IEK,Intralink,QLLNA [K] LITQR,E [K] IEK,6,2,905;894,454;443,sp|Cas10|Cas10; sp|Cas9|Cas9,sp|Cas10|Cas10; sp|Cas9|Cas9,Cas10; Cas9,Cas10; Cas9,FALSE,2,0.9999058442891697
G [K] SDNVPSEEVVK <=> SDNVPSEEVV [K] K,Intralink,G [K] SDNVPSEEVVK,SDNVPSEEVV [K] K,2,11,881;870,892;881,sp|Cas10|Cas10; sp|Cas9|Cas9,sp|Cas10|Cas10; sp|Cas9|Cas9,Cas10; Cas9,Cas10; Cas9,FALSE,1,0.9999046392176846
APLSASMI [K] R <=> SD [K] NR,Intralink,APLSASMI [K] R,SD [K] NR,9,3,338;327,877;866,sp|Cas10|Cas10; sp|Cas9|Cas9,sp|Cas10|Cas10; sp|Cas9|Cas9,Cas10; Cas9,Cas10; Cas9,FALSE,2,0.9999030980457444
SV [K] ELLGITIMER <=> D [K] QSGK,Intralink,SV [K] ELLGITIMER,D [K] QSGK,3,2,1176;1165,688;677,sp|Cas10|Cas10; sp|Cas9|Cas9,sp|Cas10|Cas10; sp|Cas9|Cas9,Cas10; Cas9,Cas10; Cas9,FALSE,2,0.9998973521506965
 [K] TEVQTGGFSK <=> VVDELV [K] VMGR,Intralink, [K] TEVQTGGFSK,VVDELV [K] VMGR,1,7,1112;1101,764;753,sp|Cas10|Cas10; sp|Cas9|Cas9,sp|Cas10|Cas10; sp|Cas9|Cas9,Cas10; Cas9,Cas10; Cas9,FALSE,1,0.9998957896830043
LP [K] YSLFELENGR <=> NPIDFLEA [K] GYK,Intralink,LP [K] YSLFELENGR,NPIDFLEA [K] GYK,3,9,1215;1204,1200;1189,sp|Cas10|Cas10; sp|Cas9|Cas9,sp|Cas10|Cas10; sp|Cas9|Cas9,Cas10; Cas9,Cas10; Cas9,FALSE,1,0.9998916990378167
