Type,Class,ClassNum,ScanNumber,Charge,ExperimentalMZ,Rank,AlphaPeptide,BetaPeptide,AlphaPos,BetaPos,AlphaMappings,BetaMappings,AlphaPairMH,BetaPairMH,AlphaTheoreticalMH,BetaTheoreticalMH,AlphaPeaksMatched,BetaPeaksMatched,ClassificationScore,AlphaScore,BetaScore,MinScore,AlphaPPM,BetaPPM,PrecursorPPM,TotalIsotope,DiffPPM,MaxPPM,AlphaDeltaCN,BetaDeltaCN,MinDeltaCN,AlphaTagScore,AlphaTagIntensity,AlphaTagLongest,BetaTagScore,BetaTagIntensity,BetaTagLongest,MinTagScore,MinTagIntensity,AlphaDDPScore,BetaDDPScore,MinDDPScore,XlinkxAlpha,XlinkxBeta,XlinkxScore,XlinkxGroupedAlpha,XlinkxGroupedBeta,XlinkxGroupedScore,XlinkxTagAlpha,XlinkxTagBeta,XlinkxTagScore,AlphaPairIntensity,AlphaPairIntensityNorm,BetaPairIntensity,BetaPairIntensityNorm,PairIntensityMulNorm,PoissonScore,XLScore,XLDeltaCN,MinUniqueRPsInInterProteins,FileName
Cleavable,FullTarget,0,21781,3,1363.03,1,M(+15.994900)LASAGELQKGNELALPSK,MLASAGELQKGNELALPSK,9,9,Cas10;Cas9,Cas10;Cas9,1973.039363861084,1957.0442448903125,1973.0371409061356,1957.0422411563798,40,39,0.9999999999376283,0.40540780926572245,0.3903793560071014,0.3903793560071014,1.1266652805219717,1.0238572469458278,0.030510722400107458,0,0.10280803357614388,1.1266652805219717,0.9852098298976274,0.9845073676085223,0.9845073676085223,23,0.32569759524105846,15,22,0.3177468896753104,15,23,0.32569759524105846,0.180827277533267,0.16084110496824008,0.40540780926572245,71.11547639721294,68.88394743447785,68.88394743447785,61.215986327794255,55.58256224438756,55.58256224438756,81.42079409182533,75.57663847354704,75.57663847354704,113572.82189941406,0.16983022209881146,65556.6884765625,0.09802967627147287,0.016648401693458825,32.92332139535237,0.3903793560071014,,39,C:\Users\P42587\Downloads\scout\XLpeplib_Beveridge_Lumos_DSSO_stHCD-MS2.raw
Cleavable,FullTarget,0,21772,3,1363.3617,1,M(+15.994900)LASAGELQKGNELALPSK,MLASAGELQKGNELALPSK,9,9,Cas10;Cas9,Cas10;Cas9,1973.043025970459,1957.0466862965625,1973.0371409061356,1957.0422411563798,36,40,0.9999999996481967,0.3577647632998283,0.37619086325645407,0.3577647632998283,2.9827349155099236,2.2713511199553333,1.9887348099589524,1,0.7113837955545903,2.9827349155099236,0.9709814149046219,0.9721434280510537,0.9709814149046219,23,0.3229073664243114,15,21,0.3138118161240253,15,23,0.3229073664243114,0.15101763583897002,0.1715703309834817,0.3577647632998283,60.544214313054816,69.21171701642518,60.544214313054816,59.9345416515567,54.39983475793219,54.39983475793219,79.79383365014083,74.04839751639742,74.04839751639742,112299.6435546875,0.15578570741803802,76036.04833984375,0.10547967210711827,0.016432225337430113,31.881239806239098,0.3577647632998283,,39,C:\Users\P42587\Downloads\scout\XLpeplib_Beveridge_Lumos_DSSO_stHCD-MS2.raw
Cleavable,FullTarget,0,22544,4,1018.527,1,MLASAGELQKGNELALPSK,MLASAGELQKGNELALPSK,9,9,Cas10;Cas9,Cas10;Cas9,1957.0433921813965,1957.043390398125,1957.0422411563798,1957.0422411563798,70,70,0.9999999995189177,0.45954529585076864,0.45954529585076864,0.45954529585076864,0.5881448624610407,0.5872336560666543,1.4119031480970732,0,0.0009112063943863546,0.5881448624610407,0.946922888955828,0.946922888955828,0.946922888955828,30,0.39742470153967835,16,30,0.39742470153967835,16,30,0.39742470153967835,0,0,0.45954529585076864,46.56921974480944,46.56921974480944,46.56921974480944,25.3651898690102,25.3651898690102,25.3651898690102,36.729298731167276,36.729298731167276,36.729298731167276,1322520.6103515625,0.25310133322957507,1322520.6103515625,0.25310133322957507,0.0640602848825884,21.34303885668187,0.45954529585076864,,39,C:\Users\P42587\Downloads\scout\XLpeplib_Beveridge_Lumos_DSSO_stHCD-MS2.raw
Cleavable,FullTarget,0,22420,3,1357.7008,1,MLASAGELQKGNELALPSK,MLASAGELQKGNELALPSK,9,9,Cas10;Cas9,Cas10;Cas9,1957.043025970459,1957.0430241871875,1957.0422411563798,1957.0422411563798,67,67,0.9999999994744593,0.4549254485774181,0.4549254485774181,0.4549254485774181,0.401020349992378,0.40010914325697333,1.8237015901499587,0,0.0009112067354046793,0.401020349992378,0.9401926119171609,0.9401926119171609,0.9401926119171609,29,0.35753144549274124,15,29,0.35753144549274124,15,29,0.35753144549274124,0,0,0.4549254485774181,43.01418955846265,43.01418955846265,43.01418955846265,23.170151993528698,23.170151993528698,23.170151993528698,34.409396874746086,34.409396874746086,34.409396874746086,910688.3217773438,0.25828600044184213,910688.3217773438,0.25828600044184213,0.06671165802424327,21.34303885668187,0.4549254485774181,,39,C:\Users\P42587\Downloads\scout\XLpeplib_Beveridge_Lumos_DSSO_stHCD-MS2.raw
Cleavable,FullTarget,0,22712,4,1018.527,1,MLASAGELQKGNELALPSK,MLASAGELQKGNELALPSK,9,9,Cas10;Cas9,Cas10;Cas9,1957.0419273376465,1957.041925554375,1957.0422411563798,1957.0422411563798,61,61,0.9999999993356048,0.43486868459094663,0.43486868459094663,0.43486868459094663,0.16035360760109113,0.1612648153595519,1.4119031480970732,0,0.0009112077584607636,0.1612648153595519,0.6810675033873184,0.581103524256214,0,30,0.31915300456584783,16,30,0.31915300456584783,16,30,0.31915300456584783,0,0,0.43486868459094663,38.60557649102914,38.60557649102914,38.60557649102914,25.766969668256753,25.766969668256753,25.766969668256753,37.26574911744988,37.26574911744988,37.26574911744988,353728.7316894531,0.2018298226145168,353728.7316894531,0.2018298226145168,0.04073527729660731,21.888740133733116,0.43486868459094663,,39,C:\Users\P42587\Downloads\scout\XLpeplib_Beveridge_Lumos_DSSO_stHCD-MS2.raw
Cleavable,FullTarget,0,22379,4,1018.5266,1,MLASAGELQKGNELALPSK,MLASAGELQKGNELALPSK,9,9,Cas10;Cas9,Cas10;Cas9,1957.0451011657715,1957.0450993825,1957.0422411563798,1957.0422411563798,65,65,0.999999999291961,0.43934615584884357,0.43934615584884357,0.43934615584884357,1.4613916613475935,1.4604804565446237,1.0188880403867957,0,0.0009112048029698006,1.4613916613475935,0.9358329236293601,0.9358329236293601,0.9358329236293601,30,0.38727419108838357,16,30,0.38727419108838357,16,30,0.38727419108838357,0,0,0.43934615584884357,41.25591500071993,41.25591500071993,41.25591500071993,25.3651898690102,25.3651898690102,25.3651898690102,36.729298731167276,36.729298731167276,36.729298731167276,572865.3190917969,0.23809809586430736,572865.3190917969,0.23809809586430736,0.0566907032542089,21.34303885668187,0.43934615584884357,,39,C:\Users\P42587\Downloads\scout\XLpeplib_Beveridge_Lumos_DSSO_stHCD-MS2.raw
Cleavable,FullTarget,0,22729,4,1018.7763,1,MLASAGELQKGNELALPSK,MLASAGELQKGNELALPSK,9,9,Cas10;Cas9,Cas10;Cas9,1957.0465660095215,1957.04656422625,1957.0422411563798,1957.0422411563798,53,53,0.9999999989967627,0.39447762913489365,0.39447762913489365,0.39447762913489365,2.2098877036652866,2.2089765002263846,0.09990179701436269,1,0.0009112034389020529,2.2098877036652866,0.9874322179925898,0.9874322179925898,0.9874322179925898,29,0.32257801402712677,15,29,0.32257801402712677,15,29,0.32257801402712677,0,0,0.39447762913489365,33.43932495533299,33.43932495533299,33.43932495533299,24.48511607176519,24.48511607176519,24.48511607176519,36.19656360641724,36.19656360641724,36.19656360641724,256211.3408203125,0.1839220531009914,256211.3408203125,0.1839220531009914,0.0338273216168839,23.207134609888588,0.39447762913489365,,39,C:\Users\P42587\Downloads\scout\XLpeplib_Beveridge_Lumos_DSSO_stHCD-MS2.raw
Cleavable,FullTarget,0,22595,3,1358.0377,1,MLASAGELQKGNELALPSK,MLASAGELQKGNELALPSK,9,9,Cas10;Cas9,Cas10;Cas9,1957.0431480407715,1957.0431462575,1957.0422411563798,1957.0422411563798,42,42,0.9999999989260147,0.39143201803485533,0.39143201803485533,0.39143201803485533,0.463395195263177,0.4624839886414452,3.6270393221988306,1,0.0009112066217318304,0.463395195263177,0.9592611609033914,0.9592611609033914,0.9592611609033914,27,0.3364863715134318,15,27,0.3364863715134318,15,27,0.3364863715134318,0,0,0.39143201803485533,28.6259384584884,28.6259384584884,28.6259384584884,24.610561294803773,24.610561294803773,24.610561294803773,37.110664702859594,37.110664702859594,37.110664702859594,194011.4169921875,0.2543091726544154,194011.4169921875,0.2543091726544154,0.06467315529617326,23.171041250663027,0.39143201803485533,,39,C:\Users\P42587\Downloads\scout\XLpeplib_Beveridge_Lumos_DSSO_stHCD-MS2.raw
Cleavable,FullTarget,0,22412,3,1358.0322,1,MLASAGELQKGNELALPSK,MLASAGELQKGNELALPSK,9,9,Cas10;Cas9,Cas10;Cas9,1957.0438804626465,1957.043878679375,1957.0422411563798,1957.0422411563798,62,62,0.9999999988850659,0.4156142353488707,0.4156142353488707,0.4156142353488707,0.8376441034818712,0.8367328975421758,0.4249272058189987,1,0.0009112059396954031,0.8376441034818712,0.9655195292059547,0.9655195292059547,0.9655195292059547,29,0.3499965567390536,15,29,0.3499965567390536,15,29,0.3499965567390536,0,0,0.4156142353488707,39.51099013922808,39.51099013922808,39.51099013922808,23.170151993528698,23.170151993528698,23.170151993528698,34.409396874746086,34.409396874746086,34.409396874746086,821004.5356445312,0.25849979370173254,821004.5356445312,0.25849979370173254,0.06682214334383828,21.34303885668187,0.4156142353488707,,39,C:\Users\P42587\Downloads\scout\XLpeplib_Beveridge_Lumos_DSSO_stHCD-MS2.raw
Cleavable,FullTarget,0,22582,3,1358.3677,1,MLASAGELQKGNELALPSK,MLASAGELQKGNELALPSK,9,9,Cas10;Cas9,Cas10;Cas9,1958.0441246032715,1957.0432683278125,1957.0422411563798,1957.0422411563798,43,43,0.9999999983379644,0.3976932704707908,0.3976932704707908,0.3976932704707908,0.7514340031082728,0.5248588262446717,0.34737121743161053,2,0.22657517686360107,0.7514340031082728,0.9743253743981901,0.9743253743981901,0.9743253743981901,27,0.3609958066685586,10,27,0.3609958066685586,10,27,0.3609958066685586,0,0,0.3976932704707908,29.198144368772574,29.198144368772574,29.198144368772574,24.941603380806622,24.941603380806622,24.941603380806622,37.56945367966917,37.56945367966917,37.56945367966917,122579.6484375,0.15610504682196724,205891.0791015625,0.2622020617049037,0.04093106511926033,21.85988691063355,0.3976932704707908,,39,C:\Users\P42587\Downloads\scout\XLpeplib_Beveridge_Lumos_DSSO_stHCD-MS2.raw
