Score;m/z;Charge;M+H+;Calculated Mass;Deviation in ppm;Peptide 1;Protein 1;From;To;Peptide2;Protein 2;From;To;Scan number;is Selected in Table;Candidate identifier;Folder Number;Retention time in sec;miscellaneous;best linkage position peptide 1;best linkage position peptide 2;All linkage positions;Spectrum UUID;local False discovery rate;shortest distance in pdb;Light/Heavy(1/2);pepScore1;pepScore2;xLinkScore;resultId;MS1intensity;finalScoreComponent
97;656.58594;4;2623.32193086;2623.32835896;-2.450366432108622;[GKSDNVPSEEVVK];>Cas9(>Cas10/>Cas11);869;881;[VKYVTEGmR];>Cas9(>Cas10/>Cas11);531;539;10061~XLpeplib_Beveridge_QEx-HFX_DSS_R1;false;19;0;3099;;K2;K2;97.7531545450904~K2~K2~1~100;0d495ea8-d48b-42b9-b418-83bc3c0a88e2;0.0;;1;13.14747045541646;12.143335648371812;112.68082897048633;350829c8-2ebf-4b86-be00-0b148931e723;0.0;0.8675225008390217
151;728.87317;4;2912.47085086;2912.47350232;-0.9103816435249906;[GKSDNVPSEEVVK];>Cas9(>Cas10/>Cas11);869;881;[GKSDNVPSEEVVK];>Cas9(>Cas10/>Cas11);869;881;10452~XLpeplib_Beveridge_QEx-HFX_DSS_R1;false;22;0;3199;;K2;K2;151.93446829973308~K2~K2~1~100;e2e1c841-31fb-45f9-8529-24ba516da2b7;0.0;;1;13.83687081690072;13.83687081690072;175.20902386759;2eabef2f-c1dc-479c-bd2a-967827f0e452;0.0;0.8671612052045555
129;493.28125;4;1970.10317086;1970.10291418;0.13028759301393386;[NSDKLIAR];>Cas9(>Cas10/>Cas11);1119;1126;[NSDKLIAR];>Cas9(>Cas10/>Cas11);1119;1126;10506~XLpeplib_Beveridge_QEx-HFX_DSS_R1;false;23;0;3210;;K4;K4;129.17033390916967~K4~K4~1~100;27ad442d-287e-46b0-be9b-3c7aa1c17c67;0.0;;1;101.5191318747872;101.5191318747872;149.34057622964843;3328be2f-70ae-4a6d-be77-390e6000bc0a;0.0;0.8649379637489681
170;728.87354;4;2912.47233086;2912.47350232;-0.4022218469204498;[GKSDNVPSEEVVK];>Cas9(>Cas10/>Cas11);869;881;[GKSDNVPSEEVVK];>Cas9(>Cas10/>Cas11);869;881;10582~XLpeplib_Beveridge_QEx-HFX_DSS_R1;false;24;0;3229;;K2;K2;170.19647039124493~K2~K2~1~100;ebbfd9f3-b204-4b55-b12e-17211ba72edd;0.0;;1;47.817135597630546;47.817135597630546;189.10650256899046;500b20bc-0d71-4b6d-9562-7dd087bdc76a;0.0;0.9000032684182993
135;493.2811;4;1970.10257086;1970.10291418;-0.17426503829515083;[NSDKLIAR];>Cas9(>Cas10/>Cas11);1119;1126;[NSDKLIAR];>Cas9(>Cas10/>Cas11);1119;1126;10629~XLpeplib_Beveridge_QEx-HFX_DSS_R1;false;25;0;3238;;K4;K4;135.1297405648403~K4~K4~1~100;6bd17aaf-f4c6-463f-8755-dcbb9ecc1819;0.0;;1;13.333825460959295;13.333825460959295;153.48410820923507;4cf3ae34-3f92-4656-82d8-9182093d172a;0.0;0.8804151917840677
142;493.28143;4;1970.10389086;1970.10291418;0.49575050567271706;[NSDKLIAR];>Cas9(>Cas10/>Cas11);1119;1126;[NSDKLIAR];>Cas9(>Cas10/>Cas11);1119;1126;10642~XLpeplib_Beveridge_QEx-HFX_DSS_R1;false;26;0;3240;;K4;K4;142.51453108559~K4~K4~1~100;57a97c0c-0402-41ca-b764-abea45014da2;0.0;;1;29.517302597488335;29.517302597488335;161.9708007693611;8e3479f0-d376-4a7a-a724-f00d0a931099;0.0;0.8798779187893506
138;493.28125;4;1970.10317086;1970.10291418;0.13028759301393386;[NSDKLIAR];>Cas9(>Cas10/>Cas11);1119;1126;[NSDKLIAR];>Cas9(>Cas10/>Cas11);1119;1126;10781~XLpeplib_Beveridge_QEx-HFX_DSS_R1;false;29;0;3271;;K4;K4;138.11980527976303~K4~K4~1~100;cfeeb6d8-f052-4b5e-8e87-c6107cb2be11;0.0;;1;14.023211899328269;14.023211899328269;157.8741764609297;ff55695e-288c-46bb-ba6c-b04621d1407c;0.0;0.8748726889729465
175;657.37262;3;1970.10330723;1970.10291418;0.19950730426901547;[NSDKLIAR];>Cas9(>Cas10/>Cas11);1119;1126;[NSDKLIAR];>Cas9(>Cas10/>Cas11);1119;1126;10795~XLpeplib_Beveridge_QEx-HFX_DSS_R1;false;30;0;3274;;K4;K4;175.15246830741106~K4~K4~1~100;0e31094e-4687-428f-89ba-2f63feb9ce89;0.0;;1;23.544898682707192;23.544898682707192;204.60082562638837;85d92bee-2d93-4049-b097-74bc1b16ed8e;0.0;0.8560692156113215
136;493.28192;4;1970.10585086;1970.10291418;1.4906204144645436;[NSDKLIAR];>Cas9(>Cas10/>Cas11);1119;1126;[NSDKLIAR];>Cas9(>Cas10/>Cas11);1119;1126;10898~XLpeplib_Beveridge_QEx-HFX_DSS_R1;false;31;0;3301;;K4;K4;136.30668868908722~K4~K4~1~100;bcee2287-ce5d-4aa5-a973-9b7c36759115;0.0;;1;13.78273383773674;13.78273383773674;156.46340278755494;9351ec8f-20de-423e-9ff0-834e3746095b;0.0;0.8711729788605174
137;493.28125;4;1970.10317086;1970.10291418;0.13028759301393386;[NSDKLIAR];>Cas9(>Cas10/>Cas11);1119;1126;[NSDKLIAR];>Cas9(>Cas10/>Cas11);1119;1126;11013~XLpeplib_Beveridge_QEx-HFX_DSS_R1;false;32;0;3331;;K4;K4;137.93382192458103~K4~K4~1~100;0866fcbd-9ed6-4601-adfd-6484c282ed09;0.0;;1;13.106917115281064;13.106917115281064;156.8341183004547;745952de-0e97-43e9-aa72-2ab8b16ce959;0.0;0.8794886177785278
168;657.37207;3;1970.10165724;1970.10291418;-0.6380076862818351;[NSDKLIAR];>Cas9(>Cas10/>Cas11);1119;1126;[NSDKLIAR];>Cas9(>Cas10/>Cas11);1119;1126;11026~XLpeplib_Beveridge_QEx-HFX_DSS_R1;false;34;0;3334;;K4;K4;168.50662546007604~K4~K4~1~100;72b0f87c-f9fc-4ad6-a27c-3af80f113523;0.0;;1;10.908746749422042;10.908746749422042;197.49521801435583;bb421c30-1c20-43e2-a359-8d030e1fa583;0.0;0.8532187622275865
139;493.28119;4;1970.10293086;1970.10291418;0.008466562727769661;[NSDKLIAR];>Cas9(>Cas10/>Cas11);1119;1126;[NSDKLIAR];>Cas9(>Cas10/>Cas11);1119;1126;11029~XLpeplib_Beveridge_QEx-HFX_DSS_R1;false;33;0;3335;;K4;K4;139.37077307830498~K4~K4~1~100;b50f0c3e-fac4-4914-a5c4-ee9df8858271;0.0;;1;26.237069292932002;26.237069292932002;157.47899056529585;6c335e50-6a1f-4e7e-9000-5b1dc903180b;0.0;0.8850118519175889
138;652.58875;4;2607.33317086;2607.33344434;-0.1048887817978296;[GKSDNVPSEEVVK];>Cas9(>Cas10/>Cas11);869;881;[VKYVTEGMR];>Cas9(>Cas10/>Cas11);531;539;11105~XLpeplib_Beveridge_QEx-HFX_DSS_R1;false;35;0;3353;;K2;K2;138.4673676041998~K2~K2~1~100;2f24fe2d-2329-418e-a88e-b21c4f389ad3;0.0;;1;22.608771119545864;24.256213478552855;155.67008725693913;1c1ace98-cc69-41c5-ac6e-8d1dc38d1cb5;0.0;0.8894924519163042
130;493.28101;4;1970.10221086;1970.10291418;-0.35699670609976014;[NSDKLIAR];>Cas9(>Cas10/>Cas11);1119;1126;[NSDKLIAR];>Cas9(>Cas10/>Cas11);1119;1126;11134~XLpeplib_Beveridge_QEx-HFX_DSS_R1;false;36;0;3361;;K4;K4;130.15136624426032~K4~K4~1~100;e03c26a3-40ce-4d8c-ba72-335b12b57324;0.0;;1;26.941380791713716;26.941380791713716;149.99332229333783;b5144689-5940-4ebd-ac0c-157cd8c8b813;0.0;0.8677144039101078
140;657.3717;3;1970.10054724;1970.10291418;-1.2014310656974614;[NSDKLIAR];>Cas9(>Cas10/>Cas11);1119;1126;[NSDKLIAR];>Cas9(>Cas10/>Cas11);1119;1126;11145~XLpeplib_Beveridge_QEx-HFX_DSS_R1;false;37;0;3364;;K4;K4;140.59056182049272~K4~K4~1~100;1323f57f-8ed6-4d77-951f-22373f12239d;0.0;;1;27.86627838937574;27.86627838937574;169.09674538543666;686dd4b2-053e-464b-a386-343096073d28;0.0;0.8314208620635047
88;616.82379;4;2464.27333086;2464.27520121;-0.7589864227185429;[MIAKSEQEIGK];>Cas9(>Cas10/>Cas11);1025;1035;[FDNLTKAER];>Cas9(>Cas10/>Cas11);901;909;11172~XLpeplib_Beveridge_QEx-HFX_DSS_R1;false;38;0;3371;;K4;K6;88.0167595339446~K4~K6~1~100;5bbaa477-9859-4a28-bcd4-b21be497683a;0.0;;1;23.210238993913798;10.859863339024018;111.97587052151962;476b4278-236f-4ebc-bf60-7be7c7429c36;0.0;0.786033268810618
124;485.79413;4;1940.15469086;1940.15388712;0.4142659365379312;[NSDKLIAR];>Cas9(>Cas10/>Cas11);1119;1126;[KGILQTVK];>Cas9(>Cas10/>Cas11);739;746;11286~XLpeplib_Beveridge_QEx-HFX_DSS_R1;false;39;0;3401;;K4;K1;124.31441581209899~K4~K1~1~100;a44a8327-e579-4a73-a171-b8afc3e4044a;0.0;;1;27.611872718923646;11.037484148546426;145.39309035906547;7ef49af5-cb59-4628-8c99-f402ff2629ba;0.0;0.8550228590993547
133;493.28101;4;1970.10221086;1970.10291418;-0.35699670609976014;[NSDKLIAR];>Cas9(>Cas10/>Cas11);1119;1126;[NSDKLIAR];>Cas9(>Cas10/>Cas11);1119;1126;11369~XLpeplib_Beveridge_QEx-HFX_DSS_R1;false;40;0;3421;;K4;K4;133.95721540108602~K4~K4~1~100;8105345f-4bd9-4fdf-b53d-72ac938937f1;0.0;;1;19.716976216283122;19.716976216283122;153.9934352761532;d5176d89-c8b4-478c-ab48-cf69d7f7df81;0.0;0.8698891297597416
152;657.37213;3;1970.10183724;1970.10291418;-0.5466417926822208;[NSDKLIAR];>Cas9(>Cas10/>Cas11);1119;1126;[NSDKLIAR];>Cas9(>Cas10/>Cas11);1119;1126;11380~XLpeplib_Beveridge_QEx-HFX_DSS_R1;false;41;0;3424;;K4;K4;152.20553231371724~K4~K4~1~100;619be6e8-07e3-44a3-ba37-70eaf991e86d;0.0;;1;30.649225948516865;30.649225948516865;176.04450059101387;b174daec-8547-47b7-89b3-29044064586f;0.0;0.8645855553722791
122;485.79404;4;1940.15433086;1940.15388712;0.22871376414694927;[NSDKLIAR];>Cas9(>Cas10/>Cas11);1119;1126;[KGILQTVK];>Cas9(>Cas10/>Cas11);739;746;11413~XLpeplib_Beveridge_QEx-HFX_DSS_R1;false;43;0;3431;;K4;K1;122.2120969417657~K4~K1~1~100;6d6d1c20-8833-4390-8f81-9dea6398d906;0.0;;1;101.8895561536683;53.42702368328892;141.7779377612339;77af6e75-4025-4352-9406-b924ee80312e;0.0;0.8619965762767777
153;647.3891;3;1940.15274724;1940.15388712;-0.5875207514480484;[NSDKLIAR];>Cas9(>Cas10/>Cas11);1119;1126;[KGILQTVK];>Cas9(>Cas10/>Cas11);739;746;11415~XLpeplib_Beveridge_QEx-HFX_DSS_R1;false;42;0;3432;;K4;K1;153.02545784712174~K4~K1~1~100;538bdfa9-52f7-43ce-9a3e-f8f9996bcfbb;0.0;;1;13.51527786469918;10.58473505365926;184.2581591799718;e50493ac-2e93-470e-8221-f38963d49e3e;0.0;0.8304948802709793
98;580.3028;4;2318.18937086;2318.18830098;0.4615153591883955;[VKYVTEGmR];>Cas9(>Cas10/>Cas11);531;539;[VKYVTEGMR];>Cas9(>Cas10/>Cas11);531;539;11565~XLpeplib_Beveridge_QEx-HFX_DSS_R1;false;44;0;3463;;K2;K2;98.58901748683874~K2~K2~1~100;84db3ff6-7a47-4633-bc98-3418339f53a7;0.0;;1;10.46449494602214;26.03288237181691;121.05112454460416;a3f81f6a-54ca-465c-b8af-f1c8de134e59;0.0;0.8144411533369215
88;485.79367;4;1940.15285086;1940.15388712;-0.5341125569732192;[NSDKLIAR];>Cas9(>Cas10/>Cas11);1119;1126;[KGILQTVK];>Cas9(>Cas10/>Cas11);739;746;11859~XLpeplib_Beveridge_QEx-HFX_DSS_R1;false;45;0;3520;;K4;K1;88.11775193738656~K4~K1~1~100;f88dd5fd-f36d-452d-a4d9-daf8458a120c;0.0;;1;24.341873159277977;10.043442188363771;106.1861086400878;8e04e925-d878-47f9-958c-21465474d24c;0.0;0.8298425572412398
137;651.01239;3;1951.02261724;1951.0218276;0.4047313408958093;[NSDKLIAR];>Cas9(>Cas10/>Cas11);1119;1126;[MKNYWR];>Cas9(>Cas10/>Cas11);883;888;12012~XLpeplib_Beveridge_QEx-HFX_DSS_R1;false;47;0;3553;;K4;K2;137.35494240854499~K4~K2~1~100;da4f5806-f6f8-425e-89ce-43e2d7fdef78;0.0;;1;15.661066422178541;16.7804120424486;161.11727797300563;67ce1dd4-59b2-4638-94d3-94023d737ea9;0.0;0.8525152866073005
126;478.30637;4;1910.20365086;1910.20486006;-0.6330215103669031;[KGILQTVK];>Cas9(>Cas10/>Cas11);739;746;[KGILQTVK];>Cas9(>Cas10/>Cas11);739;746;12018~XLpeplib_Beveridge_QEx-HFX_DSS_R1;false;48;0;3555;;K1;K1;126.79923579273648~K1~K1~1~100;7b8991b6-d637-4a9e-809c-b82b571ba245;0.0;;1;36.935960360213116;36.935960360213116;160.5070717607851;9d182a8b-be02-4468-a47a-5518249b092e;0.0;0.7899915835590985
109;488.51093;4;1951.02189086;1951.0218276;0.03242403390236816;[NSDKLIAR];>Cas9(>Cas10/>Cas11);1119;1126;[MKNYWR];>Cas9(>Cas10/>Cas11);883;888;12392~XLpeplib_Beveridge_QEx-HFX_DSS_R1;false;49;0;3641;;K4;K2;109.42457199112013~K4~K2~1~100;cae918da-b860-4496-8046-e7154ae715b0;0.0;;1;16.255756635890023;18.1755570301748;129.76872916808725;4a6bb094-d217-464d-b1ea-bfbd2a215722;0.0;0.8432275841230157
59;651.34564;4;2602.36073086;2602.35701606;1.427473123006616;[LVDSTDKADLR];>Cas9(>Cas10/>Cas11);146;156;[LVDSTDKADLR];>Cas9(>Cas10/>Cas11);146;156;12829~XLpeplib_Beveridge_QEx-HFX_DSS_R1;false;50;0;3740;;K7;K7;59.25582138497078~K7~K7~1~100;bfac34ba-7614-4799-bd4b-25fd8f2a3ba1;0.0;;1;16.712660807865063;16.712660807865063;90.57949296959558;cf9cc845-5906-4e87-9625-32d592a61eb3;0.0;0.6541858365762869
83;651.34485;4;2602.35757085;2602.35701606;0.2131874596263992;[LVDSTDKADLR];>Cas9(>Cas10/>Cas11);146;156;[LVDSTDKADLR];>Cas9(>Cas10/>Cas11);146;156;12861~XLpeplib_Beveridge_QEx-HFX_DSS_R1;false;51;0;3747;;K7;K7;83.83864543858054~K7~K7~1~100;b7d10e91-a1b8-49f5-870e-e367d124d003;0.0;;1;12.02927861262807;12.02927861262807;111.37397973797135;dcf07013-8bb9-4476-881d-b27db6814cc5;0.0;0.7527668997357105
83;651.34436;4;2602.35561086;2602.35701606;-0.5399723213351647;[LVDSTDKADLR];>Cas9(>Cas10/>Cas11);146;156;[LVDSTDKADLR];>Cas9(>Cas10/>Cas11);146;156;12945~XLpeplib_Beveridge_QEx-HFX_DSS_R1;false;52;0;3764;;K7;K7;83.62137792572517~K7~K7~1~100;7ccbf03f-07ef-4875-9406-b315fb87f4fa;0.0;;1;10.01342641661909;10.01342641661909;114.92707534599766;e654115b-75e1-4a99-bc16-8d9f6158eabe;0.0;0.7276038102768729
85;702.62585;4;2807.48157086;2807.47939749;0.7741350905363399;[HKPENIVIEMAR];>Cas9(>Cas10/>Cas11);758;769;[MIAKSEQEIGK];>Cas9(>Cas10/>Cas11);1025;1035;12957~XLpeplib_Beveridge_QEx-HFX_DSS_R1;false;53;0;3766;;K2;K4;85.16083785439675~K2~K4~1~100;c26ff759-d7e6-4393-9550-2fa0f0f735f5;0.0;;1;22.104682892315115;10.531911488756268;104.59595758191698;2d6be863-f0d8-4ffc-98a9-964cba9ea97d;0.0;0.8141886151546619
82;651.3446;4;2602.35657086;2602.35701606;-0.1710757108656212;[LVDSTDKADLR];>Cas9(>Cas10/>Cas11);146;156;[LVDSTDKADLR];>Cas9(>Cas10/>Cas11);146;156;13023~XLpeplib_Beveridge_QEx-HFX_DSS_R1;false;54;0;3777;;K7;K7;82.2765950321742~K7~K7~1~100;2a6aec87-3fb9-40af-81f1-a5b1932ffdc2;0.0;;1;15.52834391206418;15.52834391206418;115.4551243122479;3a62d368-4dd0-4cd8-969f-934bd33977a0;0.0;0.7126283525507061
103;609.3327;4;2434.30897086;2434.30888412;0.035632288650897605;[QITKHVAQILDSR];>Cas9(>Cas10/>Cas11);930;942;[KDWDPK];>Cas9(>Cas10/>Cas11);1128;1133;13097~XLpeplib_Beveridge_QEx-HFX_DSS_R1;false;55;0;3790;;K4;K1;103.79866323349417~K4~K1~1~100;6876742c-f185-496b-8ad0-dd602ced7276;0.0;;1;29.79947677461756;15.361255164203733;119.88844059324589;d7edec1a-4af8-47b7-b1b9-7cd96c0650ea;0.0;0.8657937555936634
107;483.74057;4;1931.94045086;1931.94074102;-0.15019096459227238;[MKNYWR];>Cas9(>Cas10/>Cas11);883;888;[MKNYWR];>Cas9(>Cas10/>Cas11);883;888;13146~XLpeplib_Beveridge_QEx-HFX_DSS_R1;false;56;0;3800;;K2;K2;107.89739668648993~K2~K2~1~100;c04387fd-312e-41e8-80ba-62f97dcb1d02;0.0;;1;28.61674801136778;28.61674801136778;132.68226450388627;60ef79e4-50c9-41be-b44b-7771bc1c417e;0.0;0.8132013505341522
76;651.34491;4;2602.35781086;2602.35701606;0.3054153415990787;[LVDSTDKADLR];>Cas9(>Cas10/>Cas11);146;156;[LVDSTDKADLR];>Cas9(>Cas10/>Cas11);146;156;13191~XLpeplib_Beveridge_QEx-HFX_DSS_R1;false;57;0;3807;;K7;K7;76.8483314063391~K7~K7~1~100;2f0ae22a-887a-414e-8504-cf1fdf29f1e6;0.0;;1;15.447860318366136;15.447860318366136;109.71911488168652;8e6252fb-5def-4068-a31e-924935cd6d94;0.0;0.7004096915036819
143;626.33044;3;1876.97676724;1876.98033949;-1.9031935089887064;[SKLVSDFR];>Cas9(>Cas10/>Cas11);964;971;[KDWDPK];>Cas9(>Cas10/>Cas11);1128;1133;13249~XLpeplib_Beveridge_QEx-HFX_DSS_R1;false;58;0;3818;;K2;K1;143.28090958082797~K2~K1~1~100;e1e317cf-4beb-4674-b56b-52e6f0afdf37;0.0;;1;48.48420303241363;15.57071355012405;163.40785489837737;93f8b3f7-6072-46a1-b6be-06e8d3575c85;0.0;0.876830001042078
83;610.85889;4;2440.41373086;2440.41737192;-1.4919847211012598;[NLPNEKVLPK];>Cas9(>Cas10/>Cas11);505;514;[NLPNEKVLPK];>Cas9(>Cas10/>Cas11);505;514;13294~XLpeplib_Beveridge_QEx-HFX_DSS_R1;false;59;0;3826;;K6;K6;83.09655846337154~K6~K6~1~100;931d8709-5484-4df4-8c30-22d83b982568;0.0;;1;11.373496568524672;11.373496568524672;116.23852915134673;20758060-9911-4952-943b-9b8b7020d90d;0.0;0.7148796450717029
129;626.33185;3;1876.98099724;1876.98033949;0.3504297598325456;[SKLVSDFR];>Cas9(>Cas10/>Cas11);964;971;[KDWDPK];>Cas9(>Cas10/>Cas11);1128;1133;13412~XLpeplib_Beveridge_QEx-HFX_DSS_R1;false;60;0;3848;;K2;K1;129.3875466867657~K2~K1~1~100;730487f5-b5be-4416-af15-dcaa99cb484d;0.0;;1;30.516107368297085;15.523149890137764;146.73087631230285;abc978cf-898a-4b3a-bd64-1f24fa9a1f23;0.0;0.8818017716419582
61;651.34534;4;2602.35953086;2602.35701606;0.9663537916840661;[LVDSTDKADLR];>Cas9(>Cas10/>Cas11);146;156;[LVDSTDKADLR];>Cas9(>Cas10/>Cas11);146;156;13496~XLpeplib_Beveridge_QEx-HFX_DSS_R1;false;61;0;3868;;K7;K7;61.175075097078036~K7~K7~1~100;30cd879a-0aea-4c07-85cc-ea9ac3b84d26;0.0;;1;16.638552566640676;16.638552566640676;87.32490820623619;9ad28e2f-c994-413f-ad5b-8ae34dcb8225;0.0;0.7005455414004008
123;667.60345;4;2667.39197085;2667.3922966;-0.12212303395565784;[HKPENIVIEMAR];>Cas9(>Cas10/>Cas11);758;769;[FDNLTKAER];>Cas9(>Cas10/>Cas11);901;909;13615~XLpeplib_Beveridge_QEx-HFX_DSS_R1;false;63;0;3896;;K2;K6;123.32236963657964~K2~K6~1~100;438b5822-a5bc-4f73-ba78-51b3cc2d624e;0.0;;1;50.546645293377516;10.34189077048141;145.55795620322024;5a17cbbc-fe7f-447f-862d-65e292c2fa44;0.0;0.8472389476560356
106;559.80725;4;2236.20717085;2236.20844184;-0.5683686273622818;[FKVLGNTDR];>Cas9(>Cas10/>Cas11);36;44;[FKVLGNTDR];>Cas9(>Cas10/>Cas11);36;44;13627~XLpeplib_Beveridge_QEx-HFX_DSS_R1;false;62;0;3899;;K2;K2;106.61416237760638~K2~K2~1~100;8e92e993-61cc-441b-ac00-7b9fe70c962a;0.0;;1;34.36787978948919;34.36787978948919;142.22174381665477;c08bee28-d845-49bb-9572-2579d33ff74d;0.0;0.749633350826074
132;639.57507;4;2555.27845086;2555.28101486;-1.0034131503299757;[mTNFDKNLPNEK];>Cas9(>Cas10/>Cas11);499;510;[SKLVSDFR];>Cas9(>Cas10/>Cas11);964;971;13691~XLpeplib_Beveridge_QEx-HFX_DSS_R1;false;64;0;3913;;K6;K2;132.7644188622347~K6~K2~1~100;79254ac7-31e5-4bd1-9434-ffc648467de4;0.0;;1;10.693725302129614;48.624707664501145;148.38371734763675;53033557-6397-433a-80d1-66e5dd6d3a5f;0.0;0.8947371129083603
139;764.3681;4;3054.45057086;3054.45469886;-1.3514705523208799;[mTNFDKNLPNEK];>Cas9(>Cas10/>Cas11);499;510;[MTNFDKNLPNEK];>Cas9(>Cas10/>Cas11);499;510;13715~XLpeplib_Beveridge_QEx-HFX_DSS_R1;false;65;0;3918;;K6;K6;139.6689912766644~K6~K6~1~100;41a75f59-c9bb-48aa-a759-de8aa485fde4;0.0;;1;16.455470239496538;21.24402243442417;156.3363289090983;4e9ab519-53e0-4a3b-8a3c-ee25c1f9e64b;0.0;0.8933879428490027
151;559.80756;4;2236.20841086;2236.20844184;-0.013853807025198402;[FKVLGNTDR];>Cas9(>Cas10/>Cas11);36;44;[FKVLGNTDR];>Cas9(>Cas10/>Cas11);36;44;13764~XLpeplib_Beveridge_QEx-HFX_DSS_R1;false;66;0;3929;;K2;K2;151.40863626036457~K2~K2~1~100;5710d9db-9171-4388-9d5c-2e3877da6eb4;0.0;;1;34.272080566239865;34.272080566239865;181.19012095296634;e18edfb5-d594-4a98-b17c-5d0a48d36920;0.0;0.8356340592082694
145;639.57562;4;2555.28065085;2555.28101486;-0.14245401976428324;[mTNFDKNLPNEK];>Cas9(>Cas10/>Cas11);499;510;[SKLVSDFR];>Cas9(>Cas10/>Cas11);964;971;13837~XLpeplib_Beveridge_QEx-HFX_DSS_R1;false;67;0;3943;;K6;K2;145.2410940990121~K6~K2~1~100;80613487-6b96-4b19-a98f-c71a6a56af3d;0.0;;1;20.613634306428153;50.00235465740278;161.98505218518324;57ea6150-90ff-4914-84fe-c06e4d8f2d6a;0.0;0.8966326962871286
144;587.32379;4;2346.27333086;2346.27037338;1.2605010512536101;[KPAFLSGEQK];>Cas9(>Cas10/>Cas11);540;549;[KPAFLSGEQK];>Cas9(>Cas10/>Cas11);540;549;13969~XLpeplib_Beveridge_QEx-HFX_DSS_R1;false;68;0;3975;;K1;K1;144.74599835863208~K1~K1~1~100;6d07fdca-a1c3-4ea6-a90b-a6637778fbb2;0.0;;1;80.30157848558952;80.30157848558952;174.40012401267856;64b05613-85d3-4f4c-af1b-fc7eb61bb295;0.0;0.829964996745698
111;620.12854;5;3096.61359448;3096.61464487;-0.3392060288521629;[QITKHVAQILDSR];>Cas9(>Cas10/>Cas11);930;942;[MTNFDKNLPNEK];>Cas9(>Cas10/>Cas11);499;510;14145~XLpeplib_Beveridge_QEx-HFX_DSS_R1;false;70;0;4011;;K4;K6;111.20235845217013~K4~K6~1~100;021ac168-0b42-49a2-b549-dc0e20348e24;0.0;;1;51.68264991054248;42.82850589660896;135.62281657642103;f1f79b59-ada3-481d-b9fd-0c045eecfd3e;0.0;0.8199384237792289
88;520.29425;5;2597.44214448;2597.44096087;0.45568291202980926;[QITKHVAQILDSR];>Cas9(>Cas10/>Cas11);930;942;[SKLVSDFR];>Cas9(>Cas10/>Cas11);964;971;14191~XLpeplib_Beveridge_QEx-HFX_DSS_R1;false;69;0;4021;;K4;K2;88.79655055628828~K4~K2~1~100;2540d29e-b809-4532-81d5-3c6fe0a9c822;0.0;;1;15.222206675320056;16.83367137760565;116.05376985037843;3388f6fd-ae49-49a7-8a49-ae3c44f73a4c;0.0;0.7651328403271058
160;760.36981;4;3038.45741086;3038.45978424;-0.7811134661285564;[MTNFDKNLPNEK];>Cas9(>Cas10/>Cas11);499;510;[MTNFDKNLPNEK];>Cas9(>Cas10/>Cas11);499;510;14265~XLpeplib_Beveridge_QEx-HFX_DSS_R1;false;71;0;4034;;K6;K6;160.361185675829~K6~K6~1~100;3d7cb76b-8046-4c28-b28b-baf69eab0305;0.0;;1;34.36216212614351;34.36216212614351;181.83157580019179;55909e75-0f5a-4852-b70c-97fc99b841a1;0.0;0.8819215527892921
137;639.57574;4;2555.28113086;2555.28101486;0.04539617903728951;[mTNFDKNLPNEK];>Cas9(>Cas10/>Cas11);499;510;[SKLVSDFR];>Cas9(>Cas10/>Cas11);964;971;14518~XLpeplib_Beveridge_QEx-HFX_DSS_R1;false;72;0;4082;;K6;K2;137.78057808175492~K6~K2~1~100;dafa883f-7a4e-40a5-94ce-593e1f7154e3;0.0;;1;14.703284564088118;39.298688560196425;158.01880708632171;4f58666f-4992-4054-98a2-cb18b5a82b42;0.0;0.8719251880346676
146;635.57648;4;2539.28409085;2539.28610024;-0.7913214622283532;[MTNFDKNLPNEK];>Cas9(>Cas10/>Cas11);499;510;[SKLVSDFR];>Cas9(>Cas10/>Cas11);964;971;14537~XLpeplib_Beveridge_QEx-HFX_DSS_R1;false;73;0;4086;;K6;K2;146.8341630436741~K6~K2~1~100;521d658b-e06c-454b-b579-15b695507d44;0.0;;1;16.634016497901005;48.46485019201724;165.27450815529056;c2d3e522-6b29-404f-88c0-73fc235b9631;0.0;0.8884259568070226
150;635.57678;4;2539.28529086;2539.28610024;-0.31874323184752357;[MTNFDKNLPNEK];>Cas9(>Cas10/>Cas11);499;510;[SKLVSDFR];>Cas9(>Cas10/>Cas11);964;971;14556~XLpeplib_Beveridge_QEx-HFX_DSS_R1;false;74;0;4090;;K6;K2;150.63971131552574~K6~K2~1~100;0c77d07a-fc8d-4616-ac4e-f9fcb736bbd5;0.0;;1;22.35903150126136;50.27498958668849;170.11640369456697;85437fd3-fddf-4fb9-af69-375ef3d8201b;0.0;0.8855096160273269
116;516.2998;4;2062.17737086;2062.17943316;-1.0000594658713113;[IEKILTFR];>Cas9(>Cas10/>Cas11);444;451;[KLVDSTDK];>Cas9(>Cas10/>Cas11);145;152;14595~XLpeplib_Beveridge_QEx-HFX_DSS_R1;false;75;0;4097;;K3;K1;116.95842704314155~K3~K1~1~100;76afa8e6-ef11-4aea-820d-1430ca5cc2ee;0.0;;1;22.2633916368349;18.27475805829483;136.87380030042547;a72cec6c-83cf-4ef4-9dee-f537e384e2dd;0.0;0.8544982807990171
159;680.70898;3;2040.11238724;2040.11241624;-0.014214903058516463;[SKLVSDFR];>Cas9(>Cas10/>Cas11);964;971;[SKLVSDFR];>Cas9(>Cas10/>Cas11);964;971;14620~XLpeplib_Beveridge_QEx-HFX_DSS_R1;false;76;0;4101;;K2;K2;159.34400640045604~K2~K2~1~100;6739fc4a-286a-4dcd-8d77-9e8a7dd13ded;0.0;;1;46.14745597598241;46.14745597598241;178.7136391563295;4615674c-ee75-4f54-82d5-59323f8ca5b2;0.0;0.8916163710430075
135;510.78366;4;2040.11281086;2040.11241624;0.19343047996098411;[SKLVSDFR];>Cas9(>Cas10/>Cas11);964;971;[SKLVSDFR];>Cas9(>Cas10/>Cas11);964;971;14658~XLpeplib_Beveridge_QEx-HFX_DSS_R1;false;77;0;4109;;K2;K2;135.52743474822063~K2~K2~1~100;1c0be9cf-0975-49f2-bd92-67bfd0a68384;0.0;;1;25.55598638940864;25.55598638940864;157.08876280200838;ea266936-907d-4a92-b7d2-4d3c31513877;0.0;0.8627443002975126
78;560.32916;4;2238.29481086;2238.2955255;-0.3192787638291761;[SEQEIGKATAK];>Cas9(>Cas10/>Cas11);1029;1039;[DLIIKLPK];>Cas9(>Cas10/>Cas11);1197;1204;14670~XLpeplib_Beveridge_QEx-HFX_DSS_R1;false;78;0;4111;;K7;K5;78.95108429726704~K7~K5~1~100;9d25c10e-7886-456f-b78a-f3abb2c1b2f5;0.0;;1;22.539636928605848;22.467542748920085;91.79629727974495;7f768a68-9753-4592-b6be-116aff32088a;0.0;0.8600682885570785
141;635.57666;4;2539.28481085;2539.28610024;-0.5077768331752601;[MTNFDKNLPNEK];>Cas9(>Cas10/>Cas11);499;510;[SKLVSDFR];>Cas9(>Cas10/>Cas11);964;971;14691~XLpeplib_Beveridge_QEx-HFX_DSS_R1;false;79;0;4116;;K6;K2;141.8009432686285~K6~K2~1~100;fda8d6cb-6b13-41e6-bc58-ee66d7ff5109;0.0;;1;29.24853771422346;48.889691528632575;160.87345072667404;666d8de1-b716-4efa-a24d-cc1e5ad48ae0;0.0;0.8814440333573128
148;510.78363;4;2040.11269086;2040.11241624;0.13461021112106358;[SKLVSDFR];>Cas9(>Cas10/>Cas11);964;971;[SKLVSDFR];>Cas9(>Cas10/>Cas11);964;971;14765~XLpeplib_Beveridge_QEx-HFX_DSS_R1;false;80;0;4130;;K2;K2;148.91103927294046~K2~K2~1~100;78e70612-1cc2-44af-bf1f-a30dcef681df;0.0;;1;32.93031054142832;32.93031054142832;167.52966248258014;0e9b5e90-7db7-4ca6-9c5f-d4927ad45432;0.0;0.8888637216016856
171;680.70868;3;2040.11148724;2040.11241624;-0.4553672706737042;[SKLVSDFR];>Cas9(>Cas10/>Cas11);964;971;[SKLVSDFR];>Cas9(>Cas10/>Cas11);964;971;14773~XLpeplib_Beveridge_QEx-HFX_DSS_R1;false;81;0;4131;;K2;K2;171.9943192794988~K2~K2~1~100;50a15a1e-7981-4f0a-b68e-9df447269d65;0.0;;1;46.14219107363583;46.14219107363583;193.01805292491062;041b7b34-d14f-4812-a3a2-97483ac825c5;0.0;0.8910789258992751
153;680.70892;3;2040.11220724;2040.11241624;-0.10244534544309962;[SKLVSDFR];>Cas9(>Cas10/>Cas11);964;971;[SKLVSDFR];>Cas9(>Cas10/>Cas11);964;971;14805~XLpeplib_Beveridge_QEx-HFX_DSS_R1;false;82;0;4136;;K2;K2;153.2181183089696~K2~K2~1~100;efac3b6c-d7cf-4ffb-84e3-0fffcbfb7253;0.0;;1;44.263405854294504;44.263405854294504;174.5030346518812;5c315772-b016-4e6d-917b-5ee33ff340e9;0.0;0.8780255232502219
149;510.78378;4;2040.11329086;2040.11241624;0.42871148578983825;[SKLVSDFR];>Cas9(>Cas10/>Cas11);964;971;[SKLVSDFR];>Cas9(>Cas10/>Cas11);964;971;14818~XLpeplib_Beveridge_QEx-HFX_DSS_R1;false;83;0;4139;;K2;K2;149.35652625284132~K2~K2~1~100;f34bdb84-5805-45fa-af42-2c5c2c760620;0.0;;1;32.37599449579101;32.37599449579101;166.82836568221217;cf53f52e-2f63-4aca-ba72-836aa4b63d3f;0.0;0.8952705712968946
178;680.70868;3;2040.11148724;2040.11241624;-0.4553672706737042;[SKLVSDFR];>Cas9(>Cas10/>Cas11);964;971;[SKLVSDFR];>Cas9(>Cas10/>Cas11);964;971;14944~XLpeplib_Beveridge_QEx-HFX_DSS_R1;false;84;0;4161;;K2;K2;178.72105590273685~K2~K2~1~100;86b2d310-1c6c-4318-b7fe-f5813e488b29;0.0;;1;45.30758201349218;45.30758201349218;201.08173691860375;de86456a-4ae9-4eea-8abe-1148deef681b;0.0;0.8887980511879191
144;510.78317;4;2040.11085086;2040.11241624;-0.7673014430635546;[SKLVSDFR];>Cas9(>Cas10/>Cas11);964;971;[SKLVSDFR];>Cas9(>Cas10/>Cas11);964;971;14981~XLpeplib_Beveridge_QEx-HFX_DSS_R1;false;85;0;4169;;K2;K2;144.92852902852292~K2~K2~1~100;ebd01ea6-c865-4c23-84e1-1a0018e952b9;0.0;;1;33.04315756929812;33.04315756929812;163.214631001367;f8981af6-4efd-40dd-8dd8-bc92e677b44c;0.0;0.8879628507526943
136;635.57617;4;2539.28285086;2539.28610024;-1.2796447622376563;[MTNFDKNLPNEK];>Cas9(>Cas10/>Cas11);499;510;[SKLVSDFR];>Cas9(>Cas10/>Cas11);964;971;15080~XLpeplib_Beveridge_QEx-HFX_DSS_R1;false;86;0;4188;;K6;K2;136.6289246069793~K6~K2~1~100;06305284-7b15-426e-8492-3d7604913516;0.0;;1;13.09061083580579;43.5954320880099;155.50498595961324;bf2812fe-6299-402f-82b3-046576cec717;0.0;0.8786144300380418
128;680.70905;3;2040.11259724;2040.11241624;0.08872059334191747;[SKLVSDFR];>Cas9(>Cas10/>Cas11);964;971;[SKLVSDFR];>Cas9(>Cas10/>Cas11);964;971;15120~XLpeplib_Beveridge_QEx-HFX_DSS_R1;false;87;0;4196;;K2;K2;128.1946273300209~K2~K2~1~100;1d664514-86b2-4be9-840e-cbbc2fd7abf2;0.0;;1;30.889466999553658;30.889466999553658;155.16511469288;60db8e77-7111-474c-889b-514591c9b6fa;0.0;0.826182016387884
101;575.57703;4;2299.28629086;2299.28675171;-0.20043176079721306;[DDSIDNKVLTR];>Cas9(>Cas10/>Cas11);853;863;[KGILQTVK];>Cas9(>Cas10/>Cas11);739;746;15128~XLpeplib_Beveridge_QEx-HFX_DSS_R1;false;88;0;4198;;K7;K1;101.9173721034825~K7~K1~1~100;61a73273-4c40-45d0-885e-c1b9d7251d52;0.0;;1;36.862021352154734;15.554590101833968;122.12296191699778;beccec55-9c93-4d5d-a7ea-e0be3185c667;0.0;0.8345471687196039
80;510.78333;4;2040.11149086;2040.11241624;-0.45359285707892044;[SKLVSDFR];>Cas9(>Cas10/>Cas11);964;971;[SKLVSDFR];>Cas9(>Cas10/>Cas11);964;971;15166~XLpeplib_Beveridge_QEx-HFX_DSS_R1;false;89;0;4205;;K2;K2;80.90113589413323~K2~K2~1~100;a973bce8-f46d-4312-8915-7c319de0a076;0.0;;1;24.61957037308063;24.61957037308063;106.330879015867;b6279952-c8b7-452c-ae4a-fe10de4a3980;0.0;0.7608432907063708
155;680.70905;3;2040.11259724;2040.11241624;0.08872059334191747;[SKLVSDFR];>Cas9(>Cas10/>Cas11);964;971;[SKLVSDFR];>Cas9(>Cas10/>Cas11);964;971;15350~XLpeplib_Beveridge_QEx-HFX_DSS_R1;false;90;0;4242;;K2;K2;155.5956801034713~K2~K2~1~100;6c5d02a4-9d7d-481c-9959-82fcd565c50f;0.0;;1;33.40037814018435;33.40037814018435;177.63090599465022;17951977-6408-4d3f-b724-d12733f44882;0.0;0.8759493694647791
120;510.78342;4;2040.11185086;2040.11241624;-0.2771318639513847;[SKLVSDFR];>Cas9(>Cas10/>Cas11);964;971;[SKLVSDFR];>Cas9(>Cas10/>Cas11);964;971;15361~XLpeplib_Beveridge_QEx-HFX_DSS_R1;false;91;0;4244;;K2;K2;120.88973022792078~K2~K2~1~100;d8db3aa1-bcea-463d-bc07-1290d470ff3e;0.0;;1;25.519162036336283;25.519162036336283;148.86760505312003;ad1ca7f9-ce53-4aa8-9836-7b477fcabb42;0.0;0.8120620344821429
98;578.29376;4;2310.15321086;2310.15469219;-0.6412258689032009;[DDSIDNKVLTR];>Cas9(>Cas10/>Cas11);853;863;[MKNYWR];>Cas9(>Cas10/>Cas11);883;888;15629~XLpeplib_Beveridge_QEx-HFX_DSS_R1;false;92;0;4304;;K7;K2;98.5189177667866~K7~K2~1~100;6b3e0bab-25b4-4eb4-89fc-9f534999af40;0.0;;1;20.279638687495734;17.773282465620966;117.64852365523527;471ce01f-ce3b-4aa0-a2da-5435cfd3416f;0.0;0.8374003744874242
111;570.29633;4;2278.16349086;2278.16417702;-0.3011899728616642;[QLKEDYFK];>Cas9(>Cas10/>Cas11);567;574;[QLKEDYFK];>Cas9(>Cas10/>Cas11);567;574;15833~XLpeplib_Beveridge_QEx-HFX_DSS_R1;false;93;0;4352;;K3;K3;111.53995177097886~K3~K3~1~100;34864b00-36a5-4b86-988b-d5f114a86f05;0.0;;1;28.383584504906185;28.383584504906185;138.27708577870354;dd46ce86-a0c9-47d1-8de9-c9e232b6c678;0.0;0.806640891676627
69;727.14911;4;2905.57461086;2905.57032048;1.4766029355754693;[VNTEITKAPLSASmIK];>Cas9(>Cas10/>Cas11);312;327;[FKVLGNTDR];>Cas9(>Cas10/>Cas11);36;44;16427~XLpeplib_Beveridge_QEx-HFX_DSS_R1;false;94;0;4484;;K7;K2;69.22281007814982~K7~K2~1~100;ae4706e1-612b-4abd-8e4a-6b4370b9b68c;0.0;;1;12.898599449317693;11.489323695075504;84.39563842525182;4c664e1e-ce92-441d-912d-145d1f8cd624;0.0;0.8202178616073816
112;774.88434;4;3096.51553086;3096.51603582;-0.16307362094953812;[QEDFYPFLKDNR];>Cas9(>Cas10/>Cas11);430;441;[GKSDNVPSEEVVK];>Cas9(>Cas10/>Cas11);869;881;16865~XLpeplib_Beveridge_QEx-HFX_DSS_R1;false;96;0;4578;;K9;K2;112.89311457170146~K9~K2~1~100;be61e0fa-2701-44dd-97c0-5185f9f181ab;0.0;;1;10.285603801318747;21.136494829447603;130.25922707879658;42c8daba-3b88-4598-8b37-345325f851bc;0.0;0.8666803657863715
113;622.34735;4;2486.36757086;2486.36870765;-0.4572091485865033;[VVDELVKVMGR];>Cas9(>Cas10/>Cas11);747;757;[KPAFLSGEQK];>Cas9(>Cas10/>Cas11);540;549;17218~XLpeplib_Beveridge_QEx-HFX_DSS_R1;false;97;0;4663;;K7;K1;113.89684553959492~K7~K1~1~100;3b171b4f-09a4-401d-bc6b-42dd06478fee;0.0;;1;11.833277563798603;31.26304818612213;133.31344717523638;744e71a4-5784-49c9-8452-7d1f7a09c003;0.0;0.854353765152296
122;622.34796;4;2486.37001085;2486.36870765;0.5241375959647692;[VVDELVKVMGR];>Cas9(>Cas10/>Cas11);747;757;[KPAFLSGEQK];>Cas9(>Cas10/>Cas11);540;549;17363~XLpeplib_Beveridge_QEx-HFX_DSS_R1;false;99;0;4694;;K7;K1;122.81016167139039~K7~K1~1~100;3a982d02-993e-4011-8488-ec503936f3ba;0.0;;1;12.946086989647636;32.11371382080889;144.79866646908272;cd707b84-a421-496e-bcf6-e713b8d69924;0.0;0.8481442865885281
108;672.84802;4;2688.37025086;2688.36864336;0.5979459114120963;[DDSIDNKVLTR];>Cas9(>Cas10/>Cas11);853;863;[DDSIDNKVLTR];>Cas9(>Cas10/>Cas11);853;863;17378~XLpeplib_Beveridge_QEx-HFX_DSS_R1;false;98;0;4697;;K7;K7;108.0328619560241~K7~K7~1~100;b1e70a7c-79f2-4b56-b1c6-fa5808cbc774;0.0;;1;19.389114358928644;19.389114358928644;125.9594007775507;9f27b54d-3d59-4c39-9158-d44208de6995;0.0;0.8576800245883547
124;528.83234;4;2112.30753086;2112.30826248;-0.34636055082326156;[FIKPILEK];>Cas9(>Cas10/>Cas11);379;386;[FIKPILEK];>Cas9(>Cas10/>Cas11);379;386;17472~XLpeplib_Beveridge_QEx-HFX_DSS_R1;false;100;0;4719;;K3;K3;124.22276488850032~K3~K3~1~100;7ce225e6-b428-4082-a7b4-eca9c3d21d42;0.0;;1;14.770339753703372;14.770339753703372;155.3880297692509;31fbbdd1-9972-4ba8-92a0-8d42e4416854;0.0;0.7994358707872764
81;650.61597;4;2599.44205085;2599.44404015;-0.7652796103790486;[IEEGIKELGSQILK];>Cas9(>Cas10/>Cas11);788;801;[KLVDSTDK];>Cas9(>Cas10/>Cas11);145;152;17643~XLpeplib_Beveridge_QEx-HFX_DSS_R1;false;101;0;4760;;K6;K1;81.83954173789772~K6~K1~1~100;5d891e65-9081-45ce-9c0c-5ecb5f6c17ed;0.0;;1;15.431198306456258;11.601974364934886;103.67027368027718;7b8c7d3d-10fc-4791-8ff7-a3655bfbfe50;0.0;0.7894214882686023
124;733.40674;4;2930.60513086;2930.60981704;-1.5990485892447843;[YDEHHQDLTLLKALVR];>Cas9(>Cas10/>Cas11);329;344;[ESILPKR];>Cas9(>Cas10/>Cas11);1112;1118;18197~XLpeplib_Beveridge_QEx-HFX_DSS_R1;false;102;0;4892;;K12;K6;124.50049749024701~K12~K6~1~100;d4618dff-54a6-497d-af27-eaf47406f112;0.0;;1;15.48489991427993;11.662408680624289;154.10901330654627;dd959120-7fa8-4c6d-bb23-ca471cd4edca;0.0;0.8078729129398589
107;636.34119;4;2542.34293086;2542.34393222;-0.3938729068443833;[GGLSELDKAGFIK];>Cas9(>Cas10/>Cas11);910;922;[QLKEDYFK];>Cas9(>Cas10/>Cas11);567;574;18364~XLpeplib_Beveridge_QEx-HFX_DSS_R1;false;103;0;4933;;K8;K3;107.24162270227633~K8~K3~1~100;e51d1ee2-09d8-4665-97ba-4d46337eddb5;0.0;;1;16.04302283794713;14.429601764120846;130.8643934268513;13d594f8-9358-430f-be53-7b9a4073fbf9;0.0;0.8194866448696811
93;636.34064;4;2542.34073086;2542.34393222;-1.2592175239991032;[GGLSELDKAGFIK];>Cas9(>Cas10/>Cas11);910;922;[QLKEDYFK];>Cas9(>Cas10/>Cas11);567;574;18455~XLpeplib_Beveridge_QEx-HFX_DSS_R1;false;104;0;4954;;K8;K3;93.35580639337792~K8~K3~1~100;2d773e88-21bb-45c1-a456-ca725c5aa1e4;0.0;;1;11.075459898782254;18.000260309779563;114.44325975459728;2abd8426-b74c-42b0-8df4-ce52715ecf79;0.0;0.8157387913762894
119;667.59924;4;2667.37513086;2667.37635453;-0.45875437083733445;[SSFEKNPIDFLEAK];>Cas9(>Cas10/>Cas11);1176;1189;[KLVDSTDK];>Cas9(>Cas10/>Cas11);145;152;18659~XLpeplib_Beveridge_QEx-HFX_DSS_R1;false;105;0;5000;;K5;K1;119.58328646667141~K5~K1~1~100;fd6be84b-2f7a-4417-8c74-c31ba0062093;0.0;;1;73.98956740880328;20.528925327477644;152.1155544143142;fa11dc8f-6ee9-4178-b8b7-f98c0dc77790;0.0;0.7861345075925945
123;835.45654;4;3338.80433086;3338.8062108;-0.5630578535569579;[MLASAGELQKGNELALPSK];>Cas9(>Cas10/>Cas11);1217;1235;[VVDELVKVMGR];>Cas9(>Cas10/>Cas11);747;757;19231~XLpeplib_Beveridge_QEx-HFX_DSS_R1;false;106;0;5141;;K10;K7;123.0959850997496~K10~K7~1~100;5293b7aa-49d2-4bf5-a7e4-dda22f1686a0;0.0;;1;27.83262462250881;62.96350378046965;148.40934333240062;796ee893-9392-4c76-b4ed-f626038bd3a5;0.0;0.8294355485695042
169;895.47589;4;3578.88173086;3578.88398566;-0.6300292016570342;[TEVQTGGFSKESILPK];>Cas9(>Cas10/>Cas11);1102;1117;[TEVQTGGFSKESILPK];>Cas9(>Cas10/>Cas11);1102;1117;19277~XLpeplib_Beveridge_QEx-HFX_DSS_R1;false;107;0;5152;;K10;K10;169.34093617592387~K10~K10~1~100;8dc54e96-8438-4526-bd5b-0cd905dd701b;0.0;;1;20.075627090157603;20.075627090157603;191.43157151583165;33430460-e535-41eb-bfbc-ec85ba85e600;0.0;0.8846029671856879
103;657.37396;4;2626.47401086;2626.46704192;2.653344358610112;[VVDELVKVMGR];>Cas9(>Cas10/>Cas11);747;757;[VVDELVKVMGR];>Cas9(>Cas10/>Cas11);747;757;20067~XLpeplib_Beveridge_QEx-HFX_DSS_R1;false;108;0;5340;;K7;K7;103.30648623221975~K7~K7~1~100;d01cf09d-5efb-4c48-a6c2-873a6e18e300;0.0;;1;11.63575880887593;11.63575880887593;137.54508509932083;4031aa1d-cc37-4653-9c8f-fa3513f475a2;0.0;0.7510736291131195
122;702.38611;4;2806.52261086;2806.52368742;-0.3835921349201057;[GGLSELDKAGFIK];>Cas9(>Cas10/>Cas11);910;922;[GGLSELDKAGFIK];>Cas9(>Cas10/>Cas11);910;922;20217~XLpeplib_Beveridge_QEx-HFX_DSS_R1;false;109;0;5378;;K8;K8;122.06794353748134~K8~K8~1~100;b14c6ac8-5cef-41b7-a9a6-9809cabe774e;0.0;;1;10.376040110732038;10.376040110732038;148.26349365244135;537c468e-359f-466d-a4af-44d7bfea3884;0.0;0.8233175984887587
92;785.65112;4;3139.58265086;3139.58338709;-0.23449932112959046;[KSEETITPWNFEEVVDK];>Cas9(>Cas10/>Cas11);472;488;[SKLVSDFR];>Cas9(>Cas10/>Cas11);964;971;20339~XLpeplib_Beveridge_QEx-HFX_DSS_R1;false;110;0;5407;;K1;K2;92.16751017201246~K1~K2~1~100;24e186ec-8853-40db-82b3-94a2225c37db;0.0;;1;11.987592630566198;12.54272311653472;107.08404060937465;1aaa1c6d-713d-42fc-81b5-1170f6d0a0b1;0.0;0.8607025813325881
106;869.20557;4;3473.80045086;3473.80098433;-0.1535695580339315;[KNLIGALLFDSGETAEATR];>Cas9(>Cas10/>Cas11);49;67;[SDNVPSEEVVKK];>Cas9(>Cas10/>Cas11);871;882;20726~XLpeplib_Beveridge_QEx-HFX_DSS_R1;false;111;0;5507;;K1;K11;106.52953110647833~K1~K11~1~100;5ab2c8a6-60ff-4331-9f8e-f9a0d1fea12a;0.0;;1;50.333815792093375;12.697104663776969;122.05800648011886;6432adbb-73ee-4eef-8f98-1f46a488c129;0.0;0.8727779043632844
90;830.44794;4;3318.76993086;3318.77191608;-0.5981794585454594;[SSFEKNPIDFLEAK];>Cas9(>Cas10/>Cas11);1176;1189;[IEEGIKELGSQILK];>Cas9(>Cas10/>Cas11);788;801;22872~XLpeplib_Beveridge_QEx-HFX_DSS_R1;false;112;0;6109;;K5;K6;90.41832820606793~K5~K6~1~100;102d7729-449b-44f4-920b-4d01770ac087;0.0;;1;16.92516138667228;10.336948465221065;101.38205483386506;460aab08-3353-4b87-a15f-0e62a2c6f638;0.0;0.891857324792209
165;793.92053;4;3172.66029086;3172.65921226;0.3399670626281495;[MDGTEELLVKLNR];>Cas9(>Cas10/>Cas11);387;399;[MDGTEELLVKLNR];>Cas9(>Cas10/>Cas11);387;399;23157~XLpeplib_Beveridge_QEx-HFX_DSS_R1;false;113;0;6188;;K10;K10;165.76780555083482~K10~K10~1~100;6e199ae6-a02c-4677-a898-804b2d79da51;0.0;;1;58.53262951094829;58.53262951094829;192.0047416552471;c98ee5b5-4eac-4f0a-a91d-9f21cac5cc18;0.0;0.8633526657819637
156;847.43127;4;3386.70325086;3386.70423046;-0.28924884389801636;[SSFEKNPIDFLEAK];>Cas9(>Cas10/>Cas11);1176;1189;[SSFEKNPIDFLEAK];>Cas9(>Cas10/>Cas11);1176;1189;23581~XLpeplib_Beveridge_QEx-HFX_DSS_R1;false;114;0;6317;;K5;K5;156.43756049671023~K5~K5~1~100;8124e325-59ce-404f-b7d6-35ca1f193f42;0.0;;1;47.96281623427288;47.96281623427288;178.38569087310984;19016690-67db-42b2-9d68-6f3e2e86f3b1;0.0;0.8769624947551883
146;847.4306;4;3386.70057086;3386.70423046;-1.080579733407749;[SSFEKNPIDFLEAK];>Cas9(>Cas10/>Cas11);1176;1189;[SSFEKNPIDFLEAK];>Cas9(>Cas10/>Cas11);1176;1189;23683~XLpeplib_Beveridge_QEx-HFX_DSS_R1;false;115;0;6349;;K5;K5;146.5852708708333~K5~K5~1~100;decb0c0c-15aa-4827-b7ed-20668212ce24;0.0;;1;39.97319226557003;39.97319226557003;162.87193170803477;4ac54dc8-859f-473f-9d5f-9701d4191160;0.0;0.9000032684182993
138;487.923;3;1461.75444724;1461.75436238;0.058053526141565184;[DKQSGK];>Cas9(>Cas10/>Cas11);676;681;[DKQSGK];>Cas9(>Cas10/>Cas11);676;681;2719~XLpeplib_Beveridge_QEx-HFX_DSS_R1;false;1;0;882;;K2;K2;138.57114571679875~K2~K2~1~100;a024f1f3-df78-4506-809e-1204c0df8efd;0.0;;1;16.022598832267217;16.022598832267217;158.61893674638682;e8f6b67b-4f90-4563-90cc-e43649ce556f;0.0;0.8736103554795468
139;487.76773;4;1948.04909086;1948.0484786;0.31429392765202413;[KLVDSTDK];>Cas9(>Cas10/>Cas11);145;152;[KLVDSTDK];>Cas9(>Cas10/>Cas11);145;152;8258~XLpeplib_Beveridge_QEx-HFX_DSS_R1;false;10;0;2605;;K1;K1;139.7039905409301~K1~K1~1~100;d11dbbe6-0f1b-410c-bfda-5376cd1e6ab2;0.0;;1;77.97965877321542;77.97965877321542;171.01278743244544;06b56499-ec38-43d5-8b32-468fca258c7e;0.0;0.8169213111979527
